{
"type": "FeatureCollection",
"name": "donegal-boundary",
"crs": { "type": "name", "properties": { "name": "urn:ogc:def:crs:OGC:1.3:CRS84" } },
"features": [
{ "type": "Feature", "properties": { "bbox_west": -8.8347053, "bbox_south": 54.459046, "bbox_east": -6.9222375, "bbox_north": 55.4509996, "place_id": 421546368, "osm_type": "relation", "osm_id": 283732, "lat": 54.9207542, "lon": -7.9523852, "class": "boundary", "type": "administrative", "place_rank": 12, "importance": 0.24006447623407337, "addresstype": "county", "name": "County Donegal", "display_name": "County Donegal, Ulster, Ireland" }, "geometry": { "type": "MultiPolygon", "coordinates": [ [ [ [ -8.8345633, 54.664131 ], [ -8.8334586, 54.6628141 ], [ -8.8329778, 54.6640155 ], [ -8.8345633, 54.664131 ] ] ], [ [ [ -8.8333904, 54.6624988 ], [ -8.8302692, 54.6608468 ], [ -8.8295168, 54.662728 ], [ -8.8275667, 54.6602956 ], [ -8.8223417, 54.6629829 ], [ -8.8268375, 54.6662862 ], [ -8.8258588, 54.6684988 ], [ -8.8283789, 54.6685462 ], [ -8.8319838, 54.6672636 ], [ -8.8298978, 54.665341 ], [ -8.8317563, 54.664147 ], [ -8.8306949, 54.6624832 ], [ -8.8327581, 54.663874 ], [ -8.8333904, 54.6624988 ] ] ], [ [ [ -8.8057489, 54.6985896 ], [ -8.8019245, 54.6970796 ], [ -8.804842, 54.6946591 ], [ -8.8007506, 54.6945938 ], [ -8.8017157, 54.6931579 ], [ -8.7996845, 54.6934112 ], [ -8.799668, 54.6914124 ], [ -8.7969165, 54.6916319 ], [ -8.796706, 54.688828 ], [ -8.7825372, 54.6891791 ], [ -8.7880184, 54.6838436 ], [ -8.7856306, 54.6826813 ], [ -8.7873683, 54.681975 ], [ -8.7844111, 54.6796438 ], [ -8.7842587, 54.677997 ], [ -8.7862109, 54.6771125 ], [ -8.7842088, 54.6744975 ], [ -8.7872324, 54.6734275 ], [ -8.7904511, 54.6756077 ], [ -8.7903347, 54.671487 ], [ -8.79419, 54.6707626 ], [ -8.7930212, 54.6699967 ], [ -8.7946422, 54.6685519 ], [ -8.7926135, 54.6666717 ], [ -8.7953353, 54.6657367 ], [ -8.7914294, 54.6603877 ], [ -8.7882941, 54.662092 ], [ -8.7887639, 54.6597426 ], [ -8.7878945, 54.6615703 ], [ -8.7867366, 54.6609908 ], [ -8.7871867, 54.6638178 ], [ -8.7855569, 54.6657097 ], [ -8.7845499, 54.6631923 ], [ -8.7801986, 54.6617503 ], [ -8.7813373, 54.6608104 ], [ -8.7803568, 54.6593718 ], [ -8.7784245, 54.6615221 ], [ -8.779929, 54.663134 ], [ -8.7790932, 54.6641226 ], [ -8.7737694, 54.6646724 ], [ -8.7707889, 54.6631246 ], [ -8.7748507, 54.6567539 ], [ -8.7740286, 54.6576064 ], [ -8.7691156, 54.6550503 ], [ -8.7622197, 54.6561941 ], [ -8.7620863, 54.6546846 ], [ -8.7570663, 54.6548956 ], [ -8.7544438, 54.6532046 ], [ -8.7448622, 54.6528357 ], [ -8.7449484, 54.6505566 ], [ -8.7398105, 54.652244 ], [ -8.7337519, 54.6495431 ], [ -8.723316, 54.6492795 ], [ -8.7255307, 54.6456703 ], [ -8.7112683, 54.6453363 ], [ -8.7069665, 54.6418222 ], [ -8.6997619, 54.6438928 ], [ -8.6967044, 54.6428581 ], [ -8.6976997, 54.6420495 ], [ -8.6963958, 54.6410516 ], [ -8.6910987, 54.6421666 ], [ -8.6888431, 54.6405178 ], [ -8.6897043, 54.6394977 ], [ -8.6868242, 54.6352538 ], [ -8.6776058, 54.6329204 ], [ -8.6811748, 54.6298841 ], [ -8.6864043, 54.6293471 ], [ -8.6855088, 54.6286318 ], [ -8.6885627, 54.6274171 ], [ -8.6862278, 54.6269246 ], [ -8.6865332, 54.6245421 ], [ -8.6799215, 54.622581 ], [ -8.6802065, 54.6205472 ], [ -8.6822909, 54.6200776 ], [ -8.6796146, 54.6184374 ], [ -8.6695614, 54.6211125 ], [ -8.6627179, 54.6196698 ], [ -8.6584616, 54.6225681 ], [ -8.6496633, 54.6198927 ], [ -8.6393148, 54.6207771 ], [ -8.6365059, 54.6225746 ], [ -8.628576, 54.6218883 ], [ -8.6313256, 54.6247907 ], [ -8.6321577, 54.6233823 ], [ -8.6343244, 54.6243051 ], [ -8.6357371, 54.6276632 ], [ -8.6389558, 54.6300636 ], [ -8.6399234, 54.6400917 ], [ -8.6429046, 54.6413797 ], [ -8.6442598, 54.6441321 ], [ -8.6434833, 54.6496266 ], [ -8.6428532, 54.6467043 ], [ -8.6377352, 54.6440569 ], [ -8.6347432, 54.6388579 ], [ -8.6307926, 54.6364538 ], [ -8.6338957, 54.6357251 ], [ -8.6356472, 54.631348 ], [ -8.6325998, 54.6284379 ], [ -8.6280781, 54.6305229 ], [ -8.6279814, 54.628739 ], [ -8.6256915, 54.6285641 ], [ -8.6248493, 54.6268069 ], [ -8.6268481, 54.625205 ], [ -8.6237844, 54.623148 ], [ -8.6200638, 54.6235606 ], [ -8.6201186, 54.6222604 ], [ -8.612492, 54.6229771 ], [ -8.6031576, 54.62678 ], [ -8.6050184, 54.6228127 ], [ -8.6182629, 54.620376 ], [ -8.6074208, 54.6170287 ], [ -8.5983416, 54.6180293 ], [ -8.5914046, 54.6162481 ], [ -8.583996, 54.6167583 ], [ -8.5837143, 54.6153681 ], [ -8.5867875, 54.6148025 ], [ -8.5861364, 54.6132967 ], [ -8.5885876, 54.6122337 ], [ -8.5867446, 54.6126258 ], [ -8.5873322, 54.6108822 ], [ -8.5927336, 54.6101964 ], [ -8.5931608, 54.608552 ], [ -8.5856757, 54.606242 ], [ -8.5830771, 54.6087021 ], [ -8.5774274, 54.6097654 ], [ -8.578364, 54.610925 ], [ -8.5768589, 54.6120113 ], [ -8.5785128, 54.6132178 ], [ -8.5768797, 54.6145019 ], [ -8.5705163, 54.6128593 ], [ -8.5661657, 54.6134558 ], [ -8.5664404, 54.614702 ], [ -8.5612432, 54.6156753 ], [ -8.558538, 54.6189843 ], [ -8.5520681, 54.6206023 ], [ -8.5491111, 54.6207282 ], [ -8.5480483, 54.6182957 ], [ -8.541758, 54.6170677 ], [ -8.5411998, 54.6193187 ], [ -8.5323699, 54.6199969 ], [ -8.5200597, 54.6252991 ], [ -8.5168849, 54.6247685 ], [ -8.5107508, 54.6273076 ], [ -8.5082231, 54.6263605 ], [ -8.5091438, 54.6239475 ], [ -8.5060942, 54.6295143 ], [ -8.491033, 54.6330342 ], [ -8.4879373, 54.6353401 ], [ -8.4774912, 54.6332641 ], [ -8.4788698, 54.6353361 ], [ -8.4802559, 54.6353739 ], [ -8.4811635, 54.6355967 ], [ -8.4789314, 54.6363175 ], [ -8.4759056, 54.6346764 ], [ -8.4779651, 54.63417 ], [ -8.4765725, 54.6339403 ], [ -8.4774228, 54.6321166 ], [ -8.4806, 54.6312775 ], [ -8.4790927, 54.6312731 ], [ -8.4788754, 54.6289287 ], [ -8.4807334, 54.6281771 ], [ -8.475626, 54.6258532 ], [ -8.4841456, 54.6230193 ], [ -8.4864234, 54.6203932 ], [ -8.4865137, 54.6170121 ], [ -8.4846824, 54.6160978 ], [ -8.4817536, 54.6176752 ], [ -8.4824397, 54.6166633 ], [ -8.4793555, 54.6145892 ], [ -8.4850744, 54.6088958 ], [ -8.4830605, 54.6074152 ], [ -8.4845623, 54.6067431 ], [ -8.4833152, 54.605615 ], [ -8.4842976, 54.6049787 ], [ -8.4776352, 54.603282 ], [ -8.4646922, 54.6053822 ], [ -8.4589258, 54.61009 ], [ -8.4576743, 54.6145782 ], [ -8.4540763, 54.6145243 ], [ -8.4519601, 54.6175682 ], [ -8.4536778, 54.6174969 ], [ -8.4533179, 54.6185333 ], [ -8.4473391, 54.6195087 ], [ -8.4411457, 54.6233915 ], [ -8.441588, 54.6258741 ], [ -8.4385811, 54.6269192 ], [ -8.4376386, 54.6296004 ], [ -8.4415161, 54.6310803 ], [ -8.4419078, 54.6327505 ], [ -8.4449699, 54.6324991 ], [ -8.4436621, 54.6329683 ], [ -8.4430752, 54.6337452 ], [ -8.4455762, 54.6335526 ], [ -8.4426694, 54.6360996 ], [ -8.4392315, 54.6353614 ], [ -8.43276, 54.6428309 ], [ -8.4294971, 54.6441094 ], [ -8.4281834, 54.6508959 ], [ -8.4237778, 54.6492666 ], [ -8.4244269, 54.6484206 ], [ -8.4246855, 54.6475379 ], [ -8.4247107, 54.6470781 ], [ -8.4245333, 54.6469851 ], [ -8.4220082, 54.6496041 ], [ -8.419623, 54.6496585 ], [ -8.4200936, 54.650673 ], [ -8.4191518, 54.6496657 ], [ -8.4223374, 54.6479135 ], [ -8.4210778, 54.6441941 ], [ -8.4305904, 54.6341064 ], [ -8.4317713, 54.6294399 ], [ -8.429297, 54.6257467 ], [ -8.436475, 54.6238252 ], [ -8.4378518, 54.6212382 ], [ -8.4339365, 54.6201341 ], [ -8.4397223, 54.6138479 ], [ -8.4350086, 54.6138007 ], [ -8.436843, 54.6169237 ], [ -8.4305186, 54.6204341 ], [ -8.4276399, 54.6197243 ], [ -8.4276895, 54.6172535 ], [ -8.4257137, 54.6191046 ], [ -8.4240846, 54.6182905 ], [ -8.4251035, 54.6170046 ], [ -8.4193861, 54.61844 ], [ -8.4178414, 54.6209929 ], [ -8.4195867, 54.6219065 ], [ -8.4185585, 54.6237106 ], [ -8.4156255, 54.624092 ], [ -8.4154225, 54.6262005 ], [ -8.4094717, 54.6270564 ], [ -8.4065581, 54.6315589 ], [ -8.3968028, 54.635317 ], [ -8.3970858, 54.6317795 ], [ -8.3939051, 54.630782 ], [ -8.3906008, 54.6332159 ], [ -8.3926521, 54.6347348 ], [ -8.3915219, 54.6356237 ], [ -8.3851594, 54.6360813 ], [ -8.3899926, 54.6279372 ], [ -8.3875811, 54.6284022 ], [ -8.3855895, 54.6270644 ], [ -8.3875379, 54.6259567 ], [ -8.3790766, 54.6239362 ], [ -8.3778733, 54.6207871 ], [ -8.3806639, 54.6187341 ], [ -8.3782379, 54.6182031 ], [ -8.381309, 54.6138842 ], [ -8.3765119, 54.6145358 ], [ -8.3764422, 54.6133849 ], [ -8.3952579, 54.6032829 ], [ -8.3949977, 54.6007038 ], [ -8.3988199, 54.5982084 ], [ -8.4483039, 54.58761 ], [ -8.4456325, 54.5870474 ], [ -8.44617, 54.5846797 ], [ -8.4432212, 54.5837087 ], [ -8.4430951, 54.5817828 ], [ -8.4536507, 54.5765269 ], [ -8.4570175, 54.5706872 ], [ -8.4627327, 54.5692423 ], [ -8.4615056, 54.5672838 ], [ -8.451761, 54.5682476 ], [ -8.4385372, 54.5737186 ], [ -8.4366488, 54.5751377 ], [ -8.4377873, 54.5760497 ], [ -8.4347276, 54.5771992 ], [ -8.4385499, 54.5780261 ], [ -8.4391115, 54.5811088 ], [ -8.4289465, 54.5824344 ], [ -8.4285409, 54.5853407 ], [ -8.4304592, 54.58589 ], [ -8.4291811, 54.5868637 ], [ -8.3929995, 54.5933525 ], [ -8.3867513, 54.5985254 ], [ -8.3775676, 54.6017054 ], [ -8.3784437, 54.6028976 ], [ -8.3772789, 54.603024 ], [ -8.379141, 54.6036265 ], [ -8.3777511, 54.6047184 ], [ -8.3535331, 54.6145107 ], [ -8.3491647, 54.6228974 ], [ -8.3423295, 54.6305569 ], [ -8.3375736, 54.6302169 ], [ -8.3326561, 54.6328638 ], [ -8.3278853, 54.6325714 ], [ -8.3093564, 54.6366748 ], [ -8.3105943, 54.637363 ], [ -8.2999399, 54.6394456 ], [ -8.3016783, 54.6394151 ], [ -8.2936685, 54.645172 ], [ -8.2825411, 54.6478859 ], [ -8.2802274, 54.6466403 ], [ -8.2775653, 54.6500721 ], [ -8.2776543, 54.6525972 ], [ -8.2765953, 54.6554092 ], [ -8.2738562, 54.6579179 ], [ -8.2762079, 54.6554935 ], [ -8.2763001, 54.6508977 ], [ -8.2785508, 54.6473423 ], [ -8.2802498, 54.6462023 ], [ -8.2831044, 54.6465468 ], [ -8.2771815, 54.6425147 ], [ -8.2717039, 54.6357949 ], [ -8.2821629, 54.6301932 ], [ -8.2844827, 54.6248752 ], [ -8.2906323, 54.6226968 ], [ -8.2886748, 54.6189007 ], [ -8.3007024, 54.6090704 ], [ -8.2963537, 54.6055035 ], [ -8.2965422, 54.6025631 ], [ -8.2986585, 54.6013201 ], [ -8.2921461, 54.6042177 ], [ -8.2720767, 54.6067907 ], [ -8.2605781, 54.6122971 ], [ -8.2541332, 54.6134479 ], [ -8.2467003, 54.6178532 ], [ -8.2339732, 54.6183089 ], [ -8.2301468, 54.6239113 ], [ -8.2146929, 54.629725 ], [ -8.2045837, 54.6297087 ], [ -8.206061, 54.630406 ], [ -8.2037757, 54.6327791 ], [ -8.1954222, 54.6347081 ], [ -8.187323, 54.6403953 ], [ -8.1714376, 54.6362586 ], [ -8.1709744, 54.6377822 ], [ -8.1738022, 54.639757 ], [ -8.1772347, 54.6389916 ], [ -8.1804759, 54.6399487 ], [ -8.1782212, 54.6395363 ], [ -8.1734195, 54.6419172 ], [ -8.172772, 54.643488 ], [ -8.1742145, 54.6442747 ], [ -8.1641329, 54.6477059 ], [ -8.1639967, 54.6494178 ], [ -8.1629967, 54.6479138 ], [ -8.1586016, 54.6487841 ], [ -8.1596667, 54.6476646 ], [ -8.1577997, 54.6463631 ], [ -8.1481492, 54.6488718 ], [ -8.1547859, 54.6456199 ], [ -8.1557263, 54.6433447 ], [ -8.1625222, 54.6442683 ], [ -8.1672656, 54.6417678 ], [ -8.1595847, 54.6376908 ], [ -8.1618544, 54.6345697 ], [ -8.1619566, 54.6285249 ], [ -8.1604052, 54.6293775 ], [ -8.1616777, 54.6307892 ], [ -8.160331, 54.634534 ], [ -8.1524329, 54.6349194 ], [ -8.1454777, 54.6394637 ], [ -8.1337783, 54.6435951 ], [ -8.1349833, 54.6449751 ], [ -8.1333127, 54.6463529 ], [ -8.1365958, 54.6477466 ], [ -8.1351334, 54.6502332 ], [ -8.1316697, 54.6507635 ], [ -8.1302022, 54.6528458 ], [ -8.1259767, 54.6517671 ], [ -8.1301697, 54.6480296 ], [ -8.1285903, 54.6476977 ], [ -8.12269, 54.651011 ], [ -8.1184075, 54.6506782 ], [ -8.1131289, 54.6526005 ], [ -8.1115658, 54.655467 ], [ -8.1106099, 54.6555056 ], [ -8.1087405, 54.6550151 ], [ -8.1114953, 54.6551536 ], [ -8.1122943, 54.6520974 ], [ -8.1156073, 54.6509096 ], [ -8.1159939, 54.6479997 ], [ -8.1239161, 54.6437018 ], [ -8.1175067, 54.6426579 ], [ -8.121809, 54.6410185 ], [ -8.1215236, 54.6383083 ], [ -8.1244214, 54.6355933 ], [ -8.1313068, 54.6343558 ], [ -8.1438236, 54.6305099 ], [ -8.1363043, 54.6319859 ], [ -8.1319387, 54.6310831 ], [ -8.1243309, 54.6343697 ], [ -8.1228281, 54.6338922 ], [ -8.1284647, 54.6314245 ], [ -8.1221867, 54.6306569 ], [ -8.1137619, 54.63321 ], [ -8.106123, 54.632096 ], [ -8.1238285, 54.629362 ], [ -8.1279634, 54.6265157 ], [ -8.1188412, 54.6266753 ], [ -8.1319448, 54.6234601 ], [ -8.1294016, 54.6199907 ], [ -8.11779, 54.623839 ], [ -8.116565, 54.6199411 ], [ -8.10903, 54.6195 ], [ -8.1080926, 54.6180106 ], [ -8.10638, 54.6191 ], [ -8.1051457, 54.6176306 ], [ -8.1069091, 54.6175337 ], [ -8.106268, 54.6163693 ], [ -8.1132877, 54.6146023 ], [ -8.10851, 54.61309 ], [ -8.1115043, 54.61166 ], [ -8.1102052, 54.6112437 ], [ -8.118532, 54.6112169 ], [ -8.1137429, 54.6124388 ], [ -8.1142, 54.61544 ], [ -8.1217385, 54.6168422 ], [ -8.12504, 54.6154669 ], [ -8.1267, 54.61899 ], [ -8.1319229, 54.6187275 ], [ -8.1357409, 54.6140818 ], [ -8.1285961, 54.6126484 ], [ -8.1340765, 54.6103154 ], [ -8.1323129, 54.6071279 ], [ -8.1351067, 54.6034529 ], [ -8.1449601, 54.6037444 ], [ -8.14911, 54.60237 ], [ -8.15107, 54.60392 ], [ -8.14367, 54.6095 ], [ -8.1546, 54.61419 ], [ -8.15367, 54.61675 ], [ -8.1479398, 54.6184775 ], [ -8.148789, 54.6204871 ], [ -8.1500615, 54.6182772 ], [ -8.1556022, 54.6175881 ], [ -8.156086, 54.6190981 ], [ -8.1530889, 54.6202456 ], [ -8.1570837, 54.6218225 ], [ -8.1509165, 54.6226019 ], [ -8.1493719, 54.620954 ], [ -8.1505862, 54.6229675 ], [ -8.14912, 54.62337 ], [ -8.15286, 54.62366 ], [ -8.15348, 54.62597 ], [ -8.15523, 54.62636 ], [ -8.165086, 54.625284 ], [ -8.1683234, 54.6185262 ], [ -8.1634525, 54.6042413 ], [ -8.16603, 54.59493 ], [ -8.1721211, 54.5938463 ], [ -8.1755042, 54.588596 ], [ -8.1789551, 54.5864835 ], [ -8.1946073, 54.5828029 ], [ -8.1979573, 54.5791272 ], [ -8.1970422, 54.5777689 ], [ -8.2001422, 54.5775389 ], [ -8.1997222, 54.5762489 ], [ -8.207969, 54.5726705 ], [ -8.212379, 54.5724405 ], [ -8.218949, 54.5747904 ], [ -8.222529, 54.5721205 ], [ -8.2222205, 54.566933 ], [ -8.2150704, 54.5604421 ], [ -8.212321, 54.5479017 ], [ -8.2234844, 54.546037 ], [ -8.240673, 54.5368377 ], [ -8.2509113, 54.5349001 ], [ -8.2496954, 54.5342103 ], [ -8.2531434, 54.5333848 ], [ -8.2528512, 54.5300978 ], [ -8.2643741, 54.5282871 ], [ -8.2691538, 54.5250339 ], [ -8.2671261, 54.5217587 ], [ -8.2478535, 54.5088149 ], [ -8.2419446, 54.5072234 ], [ -8.239919, 54.5082929 ], [ -8.2120872, 54.506355 ], [ -8.2087103, 54.5087002 ], [ -8.2040662, 54.5074624 ], [ -8.207287, 54.5052233 ], [ -8.2050404, 54.5044918 ], [ -8.2058649, 54.5027581 ], [ -8.2023909, 54.5033044 ], [ -8.1954818, 54.5008612 ], [ -8.2013894, 54.4998664 ], [ -8.20976, 54.50045 ], [ -8.22028, 54.50308 ], [ -8.2540927, 54.4993666 ], [ -8.2584302, 54.5006381 ], [ -8.2606969, 54.5046071 ], [ -8.2635638, 54.5019778 ], [ -8.2659234, 54.4951887 ], [ -8.2636706, 54.4908319 ], [ -8.2714977, 54.4908086 ], [ -8.2831729, 54.4876546 ], [ -8.2804121, 54.4848867 ], [ -8.2844566, 54.4857074 ], [ -8.279113, 54.4831544 ], [ -8.2866852, 54.480408 ], [ -8.2814317, 54.4789229 ], [ -8.2824327, 54.4775671 ], [ -8.3116143, 54.4788227 ], [ -8.3217416, 54.4733623 ], [ -8.3199289, 54.4722941 ], [ -8.3130253, 54.4743537 ], [ -8.3101526, 54.471881 ], [ -8.304368, 54.4714284 ], [ -8.3046314, 54.4682725 ], [ -8.2990175, 54.4636171 ], [ -8.2878375, 54.4625973 ], [ -8.28272, 54.4647441 ], [ -8.2707988, 54.4598161 ], [ -8.2599949, 54.459046 ], [ -8.2588459, 54.4608059 ], [ -8.2534075, 54.4623123 ], [ -8.2368228, 54.4610261 ], [ -8.2337253, 54.462457 ], [ -8.2334878, 54.4654314 ], [ -8.2313159, 54.4672686 ], [ -8.2319428, 54.4704845 ], [ -8.2241974, 54.4698831 ], [ -8.2210246, 54.4729173 ], [ -8.1775099, 54.4647612 ], [ -8.173836, 54.467304 ], [ -8.1647443, 54.4690863 ], [ -8.1146731, 54.4690344 ], [ -8.1115765, 54.4702543 ], [ -8.1149709, 54.4736758 ], [ -8.1132439, 54.4764008 ], [ -8.0914846, 54.4765264 ], [ -8.0946617, 54.479256 ], [ -8.0973286, 54.4794732 ], [ -8.0953915, 54.4818118 ], [ -8.0986798, 54.4843344 ], [ -8.0890824, 54.4870582 ], [ -8.0806185, 54.486968 ], [ -8.0810472, 54.4881649 ], [ -8.0794499, 54.4884073 ], [ -8.0652548, 54.4866239 ], [ -8.0426472, 54.4876308 ], [ -8.0382495, 54.5029203 ], [ -8.0418515, 54.5063808 ], [ -8.0394605, 54.5073055 ], [ -8.0397555, 54.5094714 ], [ -8.0291588, 54.5208686 ], [ -8.0175999, 54.5296549 ], [ -8.0173687, 54.5318802 ], [ -8.0117117, 54.533633 ], [ -8.0139987, 54.5362106 ], [ -8.0060085, 54.5459409 ], [ -7.9913039, 54.5429712 ], [ -7.9702989, 54.5470493 ], [ -7.9691096, 54.5442546 ], [ -7.960131, 54.5409722 ], [ -7.9585552, 54.5398111 ], [ -7.9595796, 54.5381706 ], [ -7.9574214, 54.5383717 ], [ -7.9534842, 54.5342738 ], [ -7.949731, 54.533633 ], [ -7.9444225, 54.5359588 ], [ -7.9377118, 54.5327838 ], [ -7.9216212, 54.5363232 ], [ -7.9130214, 54.5358273 ], [ -7.9064547, 54.5373056 ], [ -7.8951581, 54.5349992 ], [ -7.8848658, 54.5368984 ], [ -7.8816801, 54.5351245 ], [ -7.8687306, 54.5344501 ], [ -7.8581595, 54.5366161 ], [ -7.8506553, 54.5331824 ], [ -7.844306, 54.5373737 ], [ -7.8299761, 54.5407953 ], [ -7.8240183, 54.5442669 ], [ -7.8239905, 54.5464185 ], [ -7.8303626, 54.5480339 ], [ -7.8332549, 54.5522326 ], [ -7.8271168, 54.5554881 ], [ -7.8286863, 54.5558823 ], [ -7.827876, 54.5566452 ], [ -7.8243229, 54.5569813 ], [ -7.8182099, 54.5632465 ], [ -7.8116746, 54.5641445 ], [ -7.8088014, 54.5666303 ], [ -7.8056316, 54.5660225 ], [ -7.7965917, 54.5716301 ], [ -7.7994995, 54.5766608 ], [ -7.795501, 54.5782382 ], [ -7.7970361, 54.5795857 ], [ -7.794101, 54.5815257 ], [ -7.7870913, 54.5801578 ], [ -7.7668554, 54.5861061 ], [ -7.7621154, 54.5858797 ], [ -7.7588442, 54.5874679 ], [ -7.7631995, 54.5901414 ], [ -7.7602041, 54.5942978 ], [ -7.751511, 54.598778 ], [ -7.7459296, 54.6001098 ], [ -7.7409321, 54.5993958 ], [ -7.7294839, 54.6025899 ], [ -7.7282435, 54.6041195 ], [ -7.7083051, 54.6066628 ], [ -7.7015173, 54.6101145 ], [ -7.6972521, 54.6100698 ], [ -7.694135, 54.6137554 ], [ -7.6950797, 54.6180322 ], [ -7.6934932, 54.6191174 ], [ -7.7063848, 54.6196401 ], [ -7.7034365, 54.6274364 ], [ -7.7049884, 54.6326019 ], [ -7.7090045, 54.6349718 ], [ -7.7118942, 54.6311993 ], [ -7.7164002, 54.6288875 ], [ -7.7248615, 54.6276124 ], [ -7.7378158, 54.6227675 ], [ -7.7385, 54.6189012 ], [ -7.7413552, 54.6180268 ], [ -7.7433198, 54.6202656 ], [ -7.7543081, 54.6184998 ], [ -7.75418, 54.6205415 ], [ -7.7569895, 54.6219581 ], [ -7.7577934, 54.6250139 ], [ -7.7723623, 54.6214885 ], [ -7.7834825, 54.6331118 ], [ -7.7948574, 54.6325902 ], [ -7.8047097, 54.6345606 ], [ -7.8082423, 54.6395326 ], [ -7.8136753, 54.6414577 ], [ -7.8136649, 54.6441098 ], [ -7.8166411, 54.6417758 ], [ -7.8156116, 54.6405927 ], [ -7.8185017, 54.6404848 ], [ -7.8227722, 54.6359023 ], [ -7.8282838, 54.6330488 ], [ -7.8425391, 54.633987 ], [ -7.8521283, 54.6307756 ], [ -7.8544511, 54.6330227 ], [ -7.8507243, 54.6344121 ], [ -7.8508213, 54.6361309 ], [ -7.8571298, 54.6388683 ], [ -7.8540047, 54.6427286 ], [ -7.8560557, 54.6442412 ], [ -7.8566922, 54.6505747 ], [ -7.8645899, 54.6514702 ], [ -7.8774226, 54.655709 ], [ -7.8818651, 54.6551614 ], [ -7.8867428, 54.6570109 ], [ -7.8916405, 54.6559367 ], [ -7.8978691, 54.6589486 ], [ -7.8997757, 54.6615208 ], [ -7.9039116, 54.662586 ], [ -7.9046333, 54.6659088 ], [ -7.9099003, 54.6682786 ], [ -7.9138129, 54.6759648 ], [ -7.8985321, 54.6849585 ], [ -7.8976344, 54.6869203 ], [ -7.8993463, 54.6910132 ], [ -7.907418, 54.6893404 ], [ -7.9124035, 54.6942004 ], [ -7.9208904, 54.6959641 ], [ -7.9180428, 54.7028206 ], [ -7.9111126, 54.701083 ], [ -7.9083032, 54.7016772 ], [ -7.907117, 54.7036926 ], [ -7.8950677, 54.7005224 ], [ -7.8900716, 54.7034534 ], [ -7.8795976, 54.70269 ], [ -7.855095, 54.7267561 ], [ -7.8484338, 54.7290006 ], [ -7.8366455, 54.7364216 ], [ -7.8249459, 54.7360086 ], [ -7.8176144, 54.7337844 ], [ -7.8169595, 54.7290589 ], [ -7.8122693, 54.7263906 ], [ -7.8121706, 54.7240286 ], [ -7.8074292, 54.7226235 ], [ -7.8084132, 54.7202299 ], [ -7.8046963, 54.7186025 ], [ -7.7887527, 54.7196442 ], [ -7.7786626, 54.7157877 ], [ -7.7761463, 54.7122333 ], [ -7.7780553, 54.7103859 ], [ -7.7595691, 54.7066596 ], [ -7.7538107, 54.7075241 ], [ -7.7568324, 54.7055369 ], [ -7.7548297, 54.7062179 ], [ -7.7500644, 54.7042795 ], [ -7.7449228, 54.7051834 ], [ -7.7396743, 54.7129392 ], [ -7.7353033, 54.7145123 ], [ -7.735506, 54.7168308 ], [ -7.7271192, 54.7186716 ], [ -7.7115985, 54.7261139 ], [ -7.7019388, 54.7256239 ], [ -7.6972323, 54.7235611 ], [ -7.6975283, 54.7262905 ], [ -7.6876811, 54.7300339 ], [ -7.677323, 54.7309622 ], [ -7.6762454, 54.7331332 ], [ -7.6676812, 54.7378177 ], [ -7.6365683, 54.7515101 ], [ -7.6167776, 54.7434462 ], [ -7.6008501, 54.7459892 ], [ -7.5885923, 54.743706 ], [ -7.5866812, 54.7498801 ], [ -7.5786342, 54.7504518 ], [ -7.5753384, 54.7486105 ], [ -7.5781099, 54.7455137 ], [ -7.5785375, 54.7418673 ], [ -7.5576586, 54.7452276 ], [ -7.5491444, 54.7404957 ], [ -7.5433226, 54.7426736 ], [ -7.5379546, 54.7472623 ], [ -7.5346934, 54.7470212 ], [ -7.538825, 54.7514794 ], [ -7.5476404, 54.7555354 ], [ -7.545895, 54.7683555 ], [ -7.5481273, 54.7724878 ], [ -7.5431541, 54.7796156 ], [ -7.5447029, 54.7816749 ], [ -7.5432368, 54.7824729 ], [ -7.5445331, 54.7866748 ], [ -7.5492235, 54.7893709 ], [ -7.5415786, 54.7962159 ], [ -7.5419183, 54.7984374 ], [ -7.5393287, 54.8006489 ], [ -7.5275004, 54.8028135 ], [ -7.5294611, 54.8049592 ], [ -7.5284679, 54.8075664 ], [ -7.5173254, 54.8082606 ], [ -7.5008474, 54.8175405 ], [ -7.4839264, 54.8238819 ], [ -7.481035, 54.8312703 ], [ -7.4709587, 54.8347999 ], [ -7.4685893, 54.8418854 ], [ -7.4607806, 54.850085 ], [ -7.4608726, 54.8536967 ], [ -7.4561867, 54.85374 ], [ -7.4552603, 54.8600903 ], [ -7.4442153, 54.8694137 ], [ -7.4418836, 54.8756114 ], [ -7.4421986, 54.8794714 ], [ -7.4514978, 54.8933829 ], [ -7.4525838, 54.8984942 ], [ -7.4513944, 54.9027746 ], [ -7.4451666, 54.9107602 ], [ -7.4481463, 54.9239127 ], [ -7.4472738, 54.935241 ], [ -7.4412462, 54.9384779 ], [ -7.4251717, 54.9431872 ], [ -7.4051798, 54.9413481 ], [ -7.3920215, 54.9446432 ], [ -7.3969256, 54.9460538 ], [ -7.4064108, 54.9541758 ], [ -7.4071336, 54.9553099 ], [ -7.4021461, 54.9597776 ], [ -7.4074365, 54.9636281 ], [ -7.4020626, 54.9674204 ], [ -7.4028111, 54.9683835 ], [ -7.4003133, 54.9722795 ], [ -7.4059546, 54.9780761 ], [ -7.4037921, 54.9794937 ], [ -7.4070497, 54.9829374 ], [ -7.4017809, 54.9854878 ], [ -7.3994372, 54.9908957 ], [ -7.3920622, 54.9945919 ], [ -7.391351, 54.9977365 ], [ -7.3938887, 54.9994635 ], [ -7.3984697, 54.9988589 ], [ -7.4055844, 55.0033242 ], [ -7.4014265, 55.0067513 ], [ -7.4030287, 55.0073019 ], [ -7.3984909, 55.0091642 ], [ -7.3964042, 55.0164591 ], [ -7.3912247, 55.0201886 ], [ -7.3913226, 55.0223489 ], [ -7.3764043, 55.0287801 ], [ -7.366581, 55.0385756 ], [ -7.3634666, 55.0382039 ], [ -7.3561257, 55.0457391 ], [ -7.344617, 55.0488057 ], [ -7.3461741, 55.0504651 ], [ -7.3451588, 55.050832 ], [ -7.3333022, 55.0501255 ], [ -7.3217522, 55.0451442 ], [ -7.3182838, 55.045074 ], [ -7.2994663, 55.0561027 ], [ -7.2890998, 55.0473619 ], [ -7.2860116, 55.0485716 ], [ -7.2772385, 55.0543635 ], [ -7.272664, 55.0634655 ], [ -7.2653747, 55.0665548 ], [ -7.2565484, 55.0665969 ], [ -7.2461218, 55.080622 ], [ -7.2223562, 55.0966842 ], [ -7.219175, 55.1010608 ], [ -7.2125587, 55.103843 ], [ -7.212303, 55.107747 ], [ -7.2035513, 55.1192608 ], [ -7.1893034, 55.1249449 ], [ -7.1869652, 55.13095 ], [ -7.1716987, 55.1395115 ], [ -7.1726145, 55.1400217 ], [ -7.1677386, 55.1425345 ], [ -7.1660922, 55.1451117 ], [ -7.159303, 55.1488734 ], [ -7.1349193, 55.1564912 ], [ -7.1188714, 55.1586802 ], [ -7.09904, 55.1677 ], [ -7.07955, 55.17252 ], [ -7.0606957, 55.181241 ], [ -7.0563015, 55.1810847 ], [ -7.0576936, 55.1821783 ], [ -7.046375, 55.1877652 ], [ -7.0413167, 55.1866366 ], [ -7.0421493, 55.1860145 ], [ -7.0358018, 55.1887896 ], [ -7.0221671, 55.1897753 ], [ -7.0008372, 55.1978847 ], [ -6.9904172, 55.200426 ], [ -6.9885239, 55.1996511 ], [ -6.9899076, 55.200556 ], [ -6.9831765, 55.203464 ], [ -6.9821572, 55.202934 ], [ -6.9853228, 55.2015876 ], [ -6.96553, 55.20589 ], [ -6.9593255, 55.2095648 ], [ -6.9515441, 55.2097295 ], [ -6.9481323, 55.2121053 ], [ -6.9509137, 55.2113223 ], [ -6.95282, 55.21362 ], [ -6.9418488, 55.2166043 ], [ -6.9392776, 55.2179431 ], [ -6.9413576, 55.2182609 ], [ -6.9344943, 55.2210269 ], [ -6.9352457, 55.221838 ], [ -6.9301171, 55.2230742 ], [ -6.929549, 55.2253512 ], [ -6.92506, 55.22622 ], [ -6.92793, 55.22703 ], [ -6.9262094, 55.2301198 ], [ -6.9282211, 55.2311091 ], [ -6.9222375, 55.2360813 ], [ -6.9336643, 55.2403205 ], [ -6.9361506, 55.2453872 ], [ -6.9404568, 55.2478546 ], [ -6.9499362, 55.2506336 ], [ -6.9520487, 55.2530563 ], [ -6.956552, 55.2545574 ], [ -6.9653926, 55.2532069 ], [ -6.9718706, 55.2569688 ], [ -6.994627, 55.2542854 ], [ -7.00827, 55.25591 ], [ -7.0126973, 55.259021 ], [ -7.0095567, 55.2623949 ], [ -7.0091812, 55.2665344 ], [ -7.0109882, 55.2655464 ], [ -7.0214878, 55.2678165 ], [ -7.0276727, 55.2666636 ], [ -7.03718, 55.26983 ], [ -7.0388771, 55.2722549 ], [ -7.0416049, 55.2728646 ], [ -7.0396281, 55.2746645 ], [ -7.0433564, 55.275404 ], [ -7.0615501, 55.271682 ], [ -7.0701777, 55.2717641 ], [ -7.07646, 55.27404 ], [ -7.08031, 55.27794 ], [ -7.09248, 55.28146 ], [ -7.09297, 55.28531 ], [ -7.10407, 55.28779 ], [ -7.1192733, 55.2883384 ], [ -7.1241871, 55.2950217 ], [ -7.1346733, 55.2917644 ], [ -7.1507329, 55.2948015 ], [ -7.1551573, 55.2979343 ], [ -7.1579205, 55.296468 ], [ -7.1551447, 55.2936181 ], [ -7.156011, 55.2921218 ], [ -7.1607556, 55.2894582 ], [ -7.1634295, 55.2892237 ], [ -7.1661007, 55.2877399 ], [ -7.1676242, 55.2876788 ], [ -7.1572883, 55.29217 ], [ -7.1599247, 55.2960477 ], [ -7.1525055, 55.3001678 ], [ -7.1525938, 55.3024677 ], [ -7.1538413, 55.3025115 ], [ -7.15228, 55.30313 ], [ -7.15689, 55.3029988 ], [ -7.1584243, 55.3041194 ], [ -7.156823, 55.3051698 ], [ -7.1604279, 55.3064752 ], [ -7.1575027, 55.3107896 ], [ -7.1614745, 55.3105844 ], [ -7.164514, 55.3131019 ], [ -7.1650016, 55.315693 ], [ -7.16878, 55.31542 ], [ -7.1688865, 55.3165401 ], [ -7.1666281, 55.3166659 ], [ -7.17139, 55.31725 ], [ -7.17089, 55.31826 ], [ -7.17708, 55.32041 ], [ -7.16922, 55.32541 ], [ -7.16886, 55.32822 ], [ -7.1728, 55.33059 ], [ -7.17052, 55.33619 ], [ -7.17588, 55.33678 ], [ -7.17739, 55.33834 ], [ -7.17572, 55.34038 ], [ -7.18729, 55.34284 ], [ -7.19604, 55.3481 ], [ -7.20371, 55.34757 ], [ -7.23227, 55.35208 ], [ -7.234, 55.35376 ], [ -7.2398, 55.35462 ], [ -7.24228, 55.35953 ], [ -7.25672, 55.35832 ], [ -7.26164, 55.35904 ], [ -7.2629, 55.3611 ], [ -7.265078, 55.3595174 ], [ -7.2694432, 55.3597664 ], [ -7.27233, 55.36124 ], [ -7.2744612, 55.3649327 ], [ -7.28243, 55.36689 ], [ -7.29055, 55.36636 ], [ -7.29093, 55.3679 ], [ -7.29407, 55.36807 ], [ -7.29594, 55.36669 ], [ -7.2983202, 55.3678535 ], [ -7.30402, 55.36693 ], [ -7.3058277, 55.3690211 ], [ -7.3082712, 55.3677544 ], [ -7.3106557, 55.3690942 ], [ -7.3155856, 55.3684693 ], [ -7.3192441, 55.3706718 ], [ -7.3210198, 55.3698411 ], [ -7.3197243, 55.3688473 ], [ -7.3322671, 55.3682231 ], [ -7.3339817, 55.3688559 ], [ -7.3331305, 55.3697508 ], [ -7.334802, 55.3689765 ], [ -7.336839, 55.3702906 ], [ -7.333056, 55.372931 ], [ -7.33606, 55.37493 ], [ -7.34048, 55.37652 ], [ -7.3494169, 55.3755167 ], [ -7.34992, 55.37704 ], [ -7.3544427, 55.3769596 ], [ -7.3532043, 55.3782436 ], [ -7.3571954, 55.3789008 ], [ -7.3563659, 55.3799074 ], [ -7.3654681, 55.3796657 ], [ -7.3662983, 55.3807125 ], [ -7.3644086, 55.3813376 ], [ -7.3676624, 55.3826179 ], [ -7.3767677, 55.3821444 ], [ -7.3801029, 55.3826518 ], [ -7.3925435, 55.3793753 ], [ -7.3904913, 55.3784445 ], [ -7.3981659, 55.3770231 ], [ -7.3996934, 55.3760017 ], [ -7.396883, 55.3760725 ], [ -7.3998451, 55.3747865 ], [ -7.3898372, 55.3754209 ], [ -7.3920681, 55.3725617 ], [ -7.3847206, 55.371529 ], [ -7.3892464, 55.3688419 ], [ -7.3859829, 55.3658474 ], [ -7.37833, 55.3641 ], [ -7.37399, 55.36045 ], [ -7.36457, 55.35982 ], [ -7.3596424, 55.3613289 ], [ -7.35338, 55.35864 ], [ -7.3498074, 55.3596269 ], [ -7.3481454, 55.358433 ], [ -7.3486089, 55.3527926 ], [ -7.3518, 55.34799 ], [ -7.3498252, 55.3434454 ], [ -7.35171, 55.33954 ], [ -7.3497014, 55.3367788 ], [ -7.3535569, 55.3356414 ], [ -7.3506507, 55.332913 ], [ -7.353545, 55.3319067 ], [ -7.3328517, 55.3247876 ], [ -7.3323489, 55.3154147 ], [ -7.3295003, 55.310969 ], [ -7.3221814, 55.3137912 ], [ -7.2958647, 55.3020704 ], [ -7.287275, 55.2960292 ], [ -7.2770136, 55.2930422 ], [ -7.2665791, 55.292829 ], [ -7.2568747, 55.2949371 ], [ -7.2504455, 55.2940903 ], [ -7.2594604, 55.2936123 ], [ -7.2616699, 55.2917228 ], [ -7.265895, 55.2914422 ], [ -7.2665682, 55.2896201 ], [ -7.2580464, 55.2862505 ], [ -7.2556103, 55.2838787 ], [ -7.257309, 55.2834578 ], [ -7.2468349, 55.2783133 ], [ -7.26333, 55.27927 ], [ -7.26927, 55.27692 ], [ -7.2710947, 55.2776278 ], [ -7.2700036, 55.2797499 ], [ -7.2663944, 55.2804651 ], [ -7.2717782, 55.2821468 ], [ -7.28139, 55.27684 ], [ -7.2898777, 55.275065 ], [ -7.29799, 55.27681 ], [ -7.2997976, 55.2789967 ], [ -7.303793, 55.279565 ], [ -7.3133369, 55.2849184 ], [ -7.3224151, 55.2859293 ], [ -7.3220417, 55.2849455 ], [ -7.3269324, 55.2853998 ], [ -7.3327689, 55.2833924 ], [ -7.33373, 55.28576 ], [ -7.3372917, 55.2867492 ], [ -7.3398446, 55.2836398 ], [ -7.3485419, 55.2845151 ], [ -7.34942, 55.28623 ], [ -7.34782, 55.28698 ], [ -7.34996, 55.28957 ], [ -7.3345327, 55.2915307 ], [ -7.31993, 55.28852 ], [ -7.30683, 55.29038 ], [ -7.30383, 55.29252 ], [ -7.30809, 55.2977 ], [ -7.31606, 55.30037 ], [ -7.3128843, 55.3064191 ], [ -7.3255944, 55.3071709 ], [ -7.3403071, 55.315035 ], [ -7.3568536, 55.3164141 ], [ -7.3630941, 55.3186738 ], [ -7.3782389, 55.3154534 ], [ -7.3773593, 55.3138285 ], [ -7.3788685, 55.3127992 ], [ -7.3765196, 55.3113231 ], [ -7.3747662, 55.3120653 ], [ -7.3735907, 55.3090867 ], [ -7.3795589, 55.2962681 ], [ -7.38314, 55.2926451 ], [ -7.390709, 55.2907113 ], [ -7.3948654, 55.2939575 ], [ -7.39787, 55.29225 ], [ -7.4041756, 55.2933906 ], [ -7.4107302, 55.2907148 ], [ -7.4164152, 55.290981 ], [ -7.4269291, 55.2880363 ], [ -7.430269, 55.2891102 ], [ -7.4349146, 55.2872321 ], [ -7.43015, 55.28192 ], [ -7.440632, 55.2806187 ], [ -7.4472914, 55.2819667 ], [ -7.4527357, 55.2861211 ], [ -7.44987, 55.28831 ], [ -7.45001, 55.29037 ], [ -7.45891, 55.29253 ], [ -7.4606, 55.29511 ], [ -7.46818, 55.29649 ], [ -7.47083, 55.29191 ], [ -7.4648, 55.28517 ], [ -7.4660046, 55.28283 ], [ -7.47057, 55.28102 ], [ -7.47776, 55.28085 ], [ -7.48932, 55.28356 ], [ -7.49324, 55.28706 ], [ -7.499, 55.28867 ], [ -7.4986012, 55.2897375 ], [ -7.522098, 55.2863305 ], [ -7.5257575, 55.2802504 ], [ -7.5201763, 55.2743718 ], [ -7.5085881, 55.2716389 ], [ -7.5087413, 55.2656241 ], [ -7.5157548, 55.259231 ], [ -7.5146206, 55.2575876 ], [ -7.5164468, 55.2554219 ], [ -7.5341433, 55.2469254 ], [ -7.5301656, 55.2445071 ], [ -7.531742, 55.2415684 ], [ -7.5214699, 55.2437486 ], [ -7.5176593, 55.2389452 ], [ -7.52762, 55.23088 ], [ -7.5347006, 55.2298613 ], [ -7.5371579, 55.2265765 ], [ -7.5367794, 55.2247087 ], [ -7.5388026, 55.2242023 ], [ -7.54043, 55.21771 ], [ -7.5451541, 55.2174959 ], [ -7.5443, 55.20982 ], [ -7.5469823, 55.2088165 ], [ -7.5443188, 55.208393 ], [ -7.5491582, 55.2071352 ], [ -7.5481399, 55.2051779 ], [ -7.5458023, 55.2060699 ], [ -7.5423578, 55.204863 ], [ -7.5398665, 55.2018557 ], [ -7.5443079, 55.1997741 ], [ -7.5489671, 55.2017726 ], [ -7.5491967, 55.2002421 ], [ -7.5477009, 55.1998653 ], [ -7.5549727, 55.1975149 ], [ -7.55134, 55.19466 ], [ -7.5365646, 55.193491 ], [ -7.53671, 55.1909 ], [ -7.5288721, 55.1890202 ], [ -7.5264421, 55.186334 ], [ -7.52299, 55.18638 ], [ -7.5157504, 55.1824923 ], [ -7.51207, 55.17932 ], [ -7.51242, 55.17588 ], [ -7.4977242, 55.1639305 ], [ -7.4962842, 55.1605805 ], [ -7.4936742, 55.1587605 ], [ -7.4890449, 55.1600451 ], [ -7.4846464, 55.1558369 ], [ -7.4849049, 55.1525242 ], [ -7.4811738, 55.1493441 ], [ -7.481547, 55.1481249 ], [ -7.475921, 55.1453665 ], [ -7.476375, 55.1428135 ], [ -7.47483, 55.14058 ], [ -7.4613319, 55.1373214 ], [ -7.4636978, 55.133818 ], [ -7.4634236, 55.1273548 ], [ -7.4650949, 55.1261895 ], [ -7.4581282, 55.1294315 ], [ -7.460335, 55.1282631 ], [ -7.4614836, 55.12511 ], [ -7.4577079, 55.1224331 ], [ -7.4587709, 55.1191642 ], [ -7.4625341, 55.1152726 ], [ -7.4736925, 55.1105025 ], [ -7.4739909, 55.1054982 ], [ -7.48467, 55.09332 ], [ -7.4841383, 55.0915458 ], [ -7.4801114, 55.0907709 ], [ -7.4832208, 55.0873194 ], [ -7.481259, 55.0857723 ], [ -7.4828163, 55.0874575 ], [ -7.4806498, 55.0886393 ], [ -7.4780462, 55.0870758 ], [ -7.4804232, 55.0858817 ], [ -7.4802634, 55.0857266 ], [ -7.4745014, 55.0878152 ], [ -7.4577219, 55.0787921 ], [ -7.455045, 55.0750511 ], [ -7.4545464, 55.0632769 ], [ -7.4623538, 55.0615968 ], [ -7.4693681, 55.0701485 ], [ -7.4687928, 55.070883 ], [ -7.4656979, 55.0722953 ], [ -7.4654262, 55.072607 ], [ -7.4793514, 55.0738971 ], [ -7.4801881, 55.0785572 ], [ -7.4870589, 55.0798956 ], [ -7.4902258, 55.0846967 ], [ -7.5150073, 55.0845366 ], [ -7.5251786, 55.0769323 ], [ -7.5288261, 55.0768604 ], [ -7.5331478, 55.0721788 ], [ -7.5297041, 55.066551 ], [ -7.5291516, 55.0626199 ], [ -7.5241075, 55.0580367 ], [ -7.5084864, 55.0564869 ], [ -7.5042692, 55.0504878 ], [ -7.4966548, 55.0474839 ], [ -7.4750745, 55.0514859 ], [ -7.4699382, 55.0498796 ], [ -7.4762699, 55.0429439 ], [ -7.47959, 55.04459 ], [ -7.4802828, 55.0469936 ], [ -7.4821164, 55.0447261 ], [ -7.4889955, 55.0438783 ], [ -7.4934934, 55.0407141 ], [ -7.5131439, 55.0401558 ], [ -7.5181187, 55.0328601 ], [ -7.5178382, 55.0271246 ], [ -7.515719, 55.0249086 ], [ -7.5274715, 55.0197114 ], [ -7.5325704, 55.0240002 ], [ -7.5388524, 55.023943 ], [ -7.5571991, 55.0107767 ], [ -7.5692471, 55.0071409 ], [ -7.5826887, 54.9978219 ], [ -7.5937364, 54.9954577 ], [ -7.6000295, 54.9911341 ], [ -7.600846, 54.9886582 ], [ -7.6072865, 54.9828668 ], [ -7.6105204, 54.976346 ], [ -7.614933, 54.9737527 ], [ -7.6255127, 54.9622045 ], [ -7.6347802, 54.9621178 ], [ -7.639412, 54.9590355 ], [ -7.640297, 54.9567621 ], [ -7.6356167, 54.9557853 ], [ -7.635542, 54.9551259 ], [ -7.6368119, 54.9539273 ], [ -7.6328653, 54.9519316 ], [ -7.6333519, 54.9503879 ], [ -7.635272, 54.9492328 ], [ -7.6371769, 54.9488245 ], [ -7.6370976, 54.9475106 ], [ -7.6373811, 54.9472026 ], [ -7.6380042, 54.9471441 ], [ -7.6400019, 54.9472174 ], [ -7.6373784, 54.947392 ], [ -7.6377472, 54.9486018 ], [ -7.6332911, 54.9518181 ], [ -7.6372681, 54.9537308 ], [ -7.636002, 54.9556364 ], [ -7.6411552, 54.9565694 ], [ -7.6411235, 54.9593099 ], [ -7.6309517, 54.964357 ], [ -7.6262753, 54.9646198 ], [ -7.62433, 54.9660519 ], [ -7.6257489, 54.9679963 ], [ -7.6357974, 54.9723234 ], [ -7.6393498, 54.9705429 ], [ -7.6407201, 54.963989 ], [ -7.646352, 54.9635074 ], [ -7.6597777, 54.9693727 ], [ -7.6575831, 54.970473 ], [ -7.65796, 54.97318 ], [ -7.65525, 54.97443 ], [ -7.6550229, 54.9772971 ], [ -7.6513425, 54.9802053 ], [ -7.6514109, 54.9821532 ], [ -7.6439767, 54.9856224 ], [ -7.637109, 54.9918354 ], [ -7.6364472, 54.9929384 ], [ -7.6404591, 54.9964417 ], [ -7.6339145, 54.9969742 ], [ -7.6196484, 55.0045504 ], [ -7.5984099, 55.0106294 ], [ -7.58579, 55.01833 ], [ -7.5807497, 55.0183622 ], [ -7.5825149, 55.0194609 ], [ -7.5822696, 55.0234391 ], [ -7.5593844, 55.0349627 ], [ -7.5609739, 55.0388222 ], [ -7.5595588, 55.0443106 ], [ -7.5660438, 55.0499458 ], [ -7.5677888, 55.0534044 ], [ -7.5780644, 55.0546648 ], [ -7.58786, 55.0482 ], [ -7.6061798, 55.0452034 ], [ -7.6074153, 55.0428365 ], [ -7.6153872, 55.0472866 ], [ -7.6207258, 55.0459229 ], [ -7.6235094, 55.0471738 ], [ -7.6236516, 55.0458237 ], [ -7.6307371, 55.0421155 ], [ -7.6353221, 55.0428563 ], [ -7.6390116, 55.0386936 ], [ -7.6437057, 55.0394259 ], [ -7.6457802, 55.0375409 ], [ -7.6516416, 55.0367506 ], [ -7.6519833, 55.0370258 ], [ -7.6438842, 55.0403583 ], [ -7.6385194, 55.040748 ], [ -7.63836, 55.0436167 ], [ -7.6408804, 55.0459361 ], [ -7.63225, 55.04819 ], [ -7.6298934, 55.0533309 ], [ -7.6273766, 55.0561463 ], [ -7.62416, 55.05655 ], [ -7.6245978, 55.0575469 ], [ -7.62278, 55.05769 ], [ -7.62152, 55.05576 ], [ -7.61167, 55.05654 ], [ -7.59654, 55.06162 ], [ -7.5951, 55.06468 ], [ -7.59805, 55.06958 ], [ -7.5970865, 55.073853 ], [ -7.5996579, 55.0737629 ], [ -7.598333, 55.0746821 ], [ -7.5924707, 55.0738231 ], [ -7.5858, 55.08147 ], [ -7.577448, 55.0830588 ], [ -7.57314, 55.08581 ], [ -7.55881, 55.08692 ], [ -7.5479835, 55.0927677 ], [ -7.5285488, 55.0946607 ], [ -7.5315528, 55.0949349 ], [ -7.5242314, 55.103421 ], [ -7.5304645, 55.1105524 ], [ -7.53151, 55.1150023 ], [ -7.5245165, 55.1158249 ], [ -7.51796, 55.12293 ], [ -7.5195413, 55.133598 ], [ -7.5223627, 55.1340978 ], [ -7.5227999, 55.1369525 ], [ -7.520924, 55.1396685 ], [ -7.5239225, 55.1363988 ], [ -7.52944, 55.13895 ], [ -7.5279367, 55.1410833 ], [ -7.5299814, 55.1424951 ], [ -7.5329012, 55.1415797 ], [ -7.5318974, 55.1435858 ], [ -7.5353485, 55.1417512 ], [ -7.5413035, 55.1417487 ], [ -7.5406267, 55.1446361 ], [ -7.54433, 55.14758 ], [ -7.5436, 55.14911 ], [ -7.548, 55.15121 ], [ -7.55053, 55.15534 ], [ -7.555, 55.15565 ], [ -7.56113, 55.15905 ], [ -7.5611993, 55.1623837 ], [ -7.5653516, 55.1623088 ], [ -7.56852, 55.16554 ], [ -7.5741733, 55.1668267 ], [ -7.5724851, 55.1677683 ], [ -7.5773325, 55.1709732 ], [ -7.57041, 55.17478 ], [ -7.5715584, 55.1798802 ], [ -7.5733084, 55.1793501 ], [ -7.5726566, 55.1802859 ], [ -7.574687, 55.18141 ], [ -7.5763822, 55.1806657 ], [ -7.5778574, 55.1824453 ], [ -7.5813603, 55.1827516 ], [ -7.5809044, 55.184237 ], [ -7.5831721, 55.1838195 ], [ -7.5828818, 55.1852448 ], [ -7.5848336, 55.1846775 ], [ -7.5840989, 55.1865783 ], [ -7.5863489, 55.1859235 ], [ -7.58808, 55.1878519 ], [ -7.59365, 55.18837 ], [ -7.5989261, 55.1853108 ], [ -7.6019579, 55.1858641 ], [ -7.6015686, 55.1875235 ], [ -7.6054173, 55.1877606 ], [ -7.6056362, 55.1892267 ], [ -7.6095904, 55.1888255 ], [ -7.6184254, 55.1914617 ], [ -7.6157779, 55.1926788 ], [ -7.6252859, 55.204494 ], [ -7.6234741, 55.2067177 ], [ -7.6148609, 55.2095751 ], [ -7.6137607, 55.2106842 ], [ -7.6150721, 55.2114526 ], [ -7.61185, 55.2124 ], [ -7.61156, 55.21419 ], [ -7.607327, 55.2169547 ], [ -7.6069498, 55.2180375 ], [ -7.6094488, 55.2188155 ], [ -7.60679, 55.22259 ], [ -7.60716, 55.22464 ], [ -7.60464, 55.2264 ], [ -7.6055134, 55.2270813 ], [ -7.6033616, 55.2320176 ], [ -7.6052796, 55.2339927 ], [ -7.6094096, 55.2334683 ], [ -7.6082257, 55.2358454 ], [ -7.6109657, 55.2336053 ], [ -7.6150556, 55.2366604 ], [ -7.615493, 55.2407155 ], [ -7.6137278, 55.2418251 ], [ -7.6132168, 55.2448426 ], [ -7.6151685, 55.2442563 ], [ -7.6140386, 55.245589 ], [ -7.6160054, 55.245224 ], [ -7.6194872, 55.2496001 ], [ -7.6167824, 55.2558463 ], [ -7.6196291, 55.2561582 ], [ -7.6206612, 55.2586215 ], [ -7.6242014, 55.2588916 ], [ -7.6232, 55.25991 ], [ -7.6272177, 55.2664149 ], [ -7.6253834, 55.2681198 ], [ -7.6261659, 55.2697665 ], [ -7.6368099, 55.2716114 ], [ -7.6351748, 55.2742807 ], [ -7.6308937, 55.2762453 ], [ -7.6335917, 55.2759708 ], [ -7.6318892, 55.277673 ], [ -7.6363412, 55.2785326 ], [ -7.639209, 55.2764626 ], [ -7.6418543, 55.2768459 ], [ -7.6394665, 55.2776492 ], [ -7.6412864, 55.2787696 ], [ -7.6421821, 55.2759106 ], [ -7.6455444, 55.2759507 ], [ -7.6479199, 55.2779181 ], [ -7.6436777, 55.279405 ], [ -7.6460575, 55.2805183 ], [ -7.6471743, 55.2788089 ], [ -7.6486845, 55.2804133 ], [ -7.6548775, 55.2776098 ], [ -7.6602835, 55.2781354 ], [ -7.659391, 55.2749191 ], [ -7.6629963, 55.2755993 ], [ -7.6632507, 55.273378 ], [ -7.6677824, 55.2721331 ], [ -7.6669991, 55.2705254 ], [ -7.6693821, 55.2711199 ], [ -7.6692694, 55.2697253 ], [ -7.6722219, 55.2688349 ], [ -7.6750435, 55.2639771 ], [ -7.6845267, 55.2616017 ], [ -7.6901599, 55.2642347 ], [ -7.6939222, 55.2636927 ], [ -7.6922204, 55.2600673 ], [ -7.6939798, 55.2552062 ], [ -7.6915079, 55.254144 ], [ -7.6939218, 55.2510009 ], [ -7.702551, 55.2476891 ], [ -7.7180945, 55.2460707 ], [ -7.727373, 55.2472743 ], [ -7.7303356, 55.2520347 ], [ -7.7300459, 55.2535879 ], [ -7.7282274, 55.2536613 ], [ -7.7318698, 55.2551227 ], [ -7.7337581, 55.2531644 ], [ -7.7329963, 55.2514965 ], [ -7.7378416, 55.2521784 ], [ -7.7380738, 55.2492522 ], [ -7.7417501, 55.248695 ], [ -7.7443502, 55.2498885 ], [ -7.7416384, 55.2519001 ], [ -7.7430332, 55.2536093 ], [ -7.7446318, 55.2528281 ], [ -7.7442214, 55.2510559 ], [ -7.7465013, 55.2508208 ], [ -7.7553177, 55.256046 ], [ -7.7542958, 55.2574355 ], [ -7.7594429, 55.2563655 ], [ -7.7583325, 55.253276 ], [ -7.7509024, 55.2513172 ], [ -7.7532186, 55.2509244 ], [ -7.7496126, 55.2492752 ], [ -7.7524585, 55.2475872 ], [ -7.7556784, 55.2480375 ], [ -7.7534498, 55.245353 ], [ -7.7562629, 55.2439282 ], [ -7.7558805, 55.2426991 ], [ -7.7600164, 55.2421713 ], [ -7.7530646, 55.2373521 ], [ -7.7602401, 55.2373872 ], [ -7.7561095, 55.2355388 ], [ -7.7576078, 55.2341984 ], [ -7.7618726, 55.2348849 ], [ -7.7664854, 55.2335065 ], [ -7.764986, 55.232144 ], [ -7.768117, 55.2281039 ], [ -7.7783, 55.22571 ], [ -7.7810722, 55.2231315 ], [ -7.7831749, 55.2237869 ], [ -7.7939698, 55.2205257 ], [ -7.798883, 55.2156127 ], [ -7.7953768, 55.2061912 ], [ -7.7868453, 55.2036418 ], [ -7.7836615, 55.2052833 ], [ -7.7799751, 55.2043588 ], [ -7.7778518, 55.1988779 ], [ -7.77194, 55.19209 ], [ -7.76818, 55.19052 ], [ -7.7623983, 55.190341 ], [ -7.75735, 55.19335 ], [ -7.75155, 55.19278 ], [ -7.7496787, 55.1944565 ], [ -7.7523162, 55.1956313 ], [ -7.7519711, 55.1968518 ], [ -7.7463818, 55.1990148 ], [ -7.73753, 55.19699 ], [ -7.7340201, 55.1933977 ], [ -7.7377975, 55.1896042 ], [ -7.7427006, 55.1900574 ], [ -7.7485183, 55.1931487 ], [ -7.7453828, 55.186802 ], [ -7.7183882, 55.1761072 ], [ -7.7126836, 55.1696055 ], [ -7.7101688, 55.1690102 ], [ -7.7086029, 55.16954 ], [ -7.7092386, 55.1724061 ], [ -7.7126214, 55.1757677 ], [ -7.7043516, 55.1812141 ], [ -7.7061519, 55.1809724 ], [ -7.7102026, 55.1866291 ], [ -7.7150002, 55.1875853 ], [ -7.7163103, 55.1844989 ], [ -7.7166939, 55.1867331 ], [ -7.7190046, 55.1875531 ], [ -7.7160099, 55.187952 ], [ -7.7205658, 55.1943624 ], [ -7.7219268, 55.1995074 ], [ -7.7162314, 55.1996118 ], [ -7.7159202, 55.2024063 ], [ -7.7116308, 55.2058667 ], [ -7.715402, 55.2076749 ], [ -7.71757, 55.20511 ], [ -7.7199924, 55.2057733 ], [ -7.7188035, 55.2074463 ], [ -7.7200106, 55.2071047 ], [ -7.7194331, 55.2088278 ], [ -7.7213239, 55.2101628 ], [ -7.7205094, 55.2150174 ], [ -7.7228958, 55.2183734 ], [ -7.719883, 55.2208615 ], [ -7.7208057, 55.2217443 ], [ -7.7219269, 55.219792 ], [ -7.723496, 55.2202847 ], [ -7.71872, 55.22509 ], [ -7.7142782, 55.2238639 ], [ -7.7144852, 55.2272854 ], [ -7.7092626, 55.2303218 ], [ -7.7073233, 55.2297161 ], [ -7.7088674, 55.2279737 ], [ -7.7059178, 55.2246006 ], [ -7.7007186, 55.225484 ], [ -7.7009079, 55.2227543 ], [ -7.7030639, 55.2219322 ], [ -7.70459, 55.2188 ], [ -7.7035466, 55.215046 ], [ -7.7075366, 55.216616 ], [ -7.7073566, 55.215336 ], [ -7.6988618, 55.2104349 ], [ -7.7004066, 55.208606 ], [ -7.6981182, 55.2069521 ], [ -7.6985266, 55.204486 ], [ -7.6967219, 55.2027597 ], [ -7.7013407, 55.1997328 ], [ -7.6999218, 55.1983731 ], [ -7.69803, 55.20003 ], [ -7.6962697, 55.1961647 ], [ -7.7029741, 55.19798 ], [ -7.70186, 55.1993 ], [ -7.7028566, 55.2006759 ], [ -7.70814, 55.2023311 ], [ -7.712955, 55.2018416 ], [ -7.7131852, 55.1986733 ], [ -7.7161611, 55.1962258 ], [ -7.7139252, 55.1958645 ], [ -7.7119205, 55.1910213 ], [ -7.70333, 55.18843 ], [ -7.6983729, 55.1888101 ], [ -7.6951496, 55.1929917 ], [ -7.6933045, 55.1907077 ], [ -7.6934244, 55.1866419 ], [ -7.6960453, 55.1871305 ], [ -7.6976843, 55.1840163 ], [ -7.7018162, 55.1829416 ], [ -7.7015824, 55.1800822 ], [ -7.6982, 55.18107 ], [ -7.69739, 55.17851 ], [ -7.6910682, 55.1774188 ], [ -7.689359, 55.1782676 ], [ -7.6902047, 55.1809442 ], [ -7.6890206, 55.1817863 ], [ -7.6871706, 55.1820592 ], [ -7.6854791, 55.179817 ], [ -7.6836453, 55.1843393 ], [ -7.6792706, 55.1845109 ], [ -7.6828384, 55.1839276 ], [ -7.6834459, 55.1817136 ], [ -7.6806059, 55.1795036 ], [ -7.6794559, 55.1738536 ], [ -7.6814659, 55.1672236 ], [ -7.6736179, 55.1613506 ], [ -7.6661363, 55.1602825 ], [ -7.6646447, 55.1585623 ], [ -7.6684816, 55.1539385 ], [ -7.6690532, 55.1427443 ], [ -7.6745925, 55.1401059 ], [ -7.6753852, 55.1355186 ], [ -7.6839471, 55.1326532 ], [ -7.6777049, 55.1301256 ], [ -7.6802941, 55.1291402 ], [ -7.679296, 55.1284219 ], [ -7.6805623, 55.1257352 ], [ -7.6884281, 55.1181214 ], [ -7.6885389, 55.1141786 ], [ -7.6919263, 55.1123783 ], [ -7.6864874, 55.1067381 ], [ -7.6953391, 55.0988145 ], [ -7.6973221, 55.0990533 ], [ -7.6932511, 55.1044915 ], [ -7.6959628, 55.1058967 ], [ -7.7000097, 55.1030307 ], [ -7.6982897, 55.1055452 ], [ -7.7010822, 55.1038766 ], [ -7.6988853, 55.105905 ], [ -7.7022305, 55.1070594 ], [ -7.7058114, 55.1029706 ], [ -7.7123741, 55.0994954 ], [ -7.7154166, 55.0994598 ], [ -7.7102155, 55.1049905 ], [ -7.7067788, 55.1064137 ], [ -7.7055739, 55.1115321 ], [ -7.7078356, 55.1142106 ], [ -7.7063644, 55.1130914 ], [ -7.7032381, 55.1179429 ], [ -7.7044155, 55.1183164 ], [ -7.7034355, 55.1210711 ], [ -7.6999154, 55.1259034 ], [ -7.70083, 55.12783 ], [ -7.6978203, 55.1287135 ], [ -7.6947293, 55.1383458 ], [ -7.6882031, 55.1433045 ], [ -7.6892817, 55.144774 ], [ -7.6927375, 55.1433416 ], [ -7.6962635, 55.1440523 ], [ -7.6950201, 55.1455085 ], [ -7.6961278, 55.1491517 ], [ -7.6937683, 55.1512142 ], [ -7.6977774, 55.1525686 ], [ -7.7014732, 55.156737 ], [ -7.7071655, 55.1573566 ], [ -7.7071224, 55.1614434 ], [ -7.7116773, 55.1668381 ], [ -7.71873, 55.169 ], [ -7.7255835, 55.1749213 ], [ -7.7293552, 55.1749713 ], [ -7.7270893, 55.1696245 ], [ -7.7279508, 55.1678808 ], [ -7.7235236, 55.1653149 ], [ -7.7206879, 55.1659204 ], [ -7.7150617, 55.162448 ], [ -7.71546, 55.15936 ], [ -7.7207566, 55.1598321 ], [ -7.7227752, 55.1636299 ], [ -7.7272561, 55.1666863 ], [ -7.72911, 55.16629 ], [ -7.72905, 55.16809 ], [ -7.7405826, 55.1813864 ], [ -7.7458138, 55.180343 ], [ -7.7430138, 55.1745031 ], [ -7.7517538, 55.1763031 ], [ -7.7534836, 55.178842 ], [ -7.7509346, 55.181565 ], [ -7.7557322, 55.1859783 ], [ -7.7596378, 55.1852138 ], [ -7.7597713, 55.187636 ], [ -7.7647849, 55.1885495 ], [ -7.7689611, 55.1860695 ], [ -7.7653294, 55.1851136 ], [ -7.7667209, 55.1836202 ], [ -7.7850957, 55.184465 ], [ -7.7879155, 55.1819719 ], [ -7.7855847, 55.1803633 ], [ -7.7868493, 55.1798481 ], [ -7.7942933, 55.1845794 ], [ -7.7961284, 55.1833875 ], [ -7.7945123, 55.1786856 ], [ -7.7958948, 55.1775329 ], [ -7.7997177, 55.1777416 ], [ -7.7988908, 55.1773709 ], [ -7.7992573, 55.1767521 ], [ -7.8066932, 55.1783557 ], [ -7.803776, 55.1856641 ], [ -7.8011931, 55.1853315 ], [ -7.8006593, 55.1867428 ], [ -7.8047032, 55.188908 ], [ -7.8135727, 55.1984064 ], [ -7.8167141, 55.1977521 ], [ -7.8166535, 55.1993261 ], [ -7.8072986, 55.2043446 ], [ -7.8088841, 55.2089358 ], [ -7.8074931, 55.2126582 ], [ -7.8085166, 55.2159974 ], [ -7.8065613, 55.216077 ], [ -7.8065835, 55.2128992 ], [ -7.805023, 55.2164847 ], [ -7.8070205, 55.2171257 ], [ -7.8043191, 55.2190536 ], [ -7.792968, 55.2249401 ], [ -7.7885795, 55.2247481 ], [ -7.7920127, 55.2266243 ], [ -7.7934442, 55.2296943 ], [ -7.7918659, 55.2319151 ], [ -7.7885142, 55.2314382 ], [ -7.7891533, 55.2336435 ], [ -7.7875366, 55.2340279 ], [ -7.7886727, 55.2347889 ], [ -7.7869404, 55.2355099 ], [ -7.7868829, 55.2373271 ], [ -7.7920522, 55.2403859 ], [ -7.7906375, 55.2421739 ], [ -7.7886748, 55.2418529 ], [ -7.7874513, 55.245052 ], [ -7.7885999, 55.2457352 ], [ -7.7861379, 55.2470291 ], [ -7.7856878, 55.2499399 ], [ -7.7811118, 55.2522967 ], [ -7.7832298, 55.2515678 ], [ -7.7844384, 55.2546254 ], [ -7.7857743, 55.2538734 ], [ -7.7875595, 55.2554406 ], [ -7.7874006, 55.257463 ], [ -7.790424, 55.2539693 ], [ -7.7899593, 55.250539 ], [ -7.7880947, 55.249944 ], [ -7.7908534, 55.2468766 ], [ -7.7931738, 55.2471034 ], [ -7.79236, 55.24967 ], [ -7.7942264, 55.2506615 ], [ -7.80224, 55.24912 ], [ -7.8032678, 55.2512625 ], [ -7.8055042, 55.2510972 ], [ -7.803905, 55.2480405 ], [ -7.8091369, 55.245534 ], [ -7.8033213, 55.2425583 ], [ -7.8064056, 55.2438458 ], [ -7.8089962, 55.2421211 ], [ -7.8062744, 55.240685 ], [ -7.8088626, 55.2404213 ], [ -7.8062191, 55.2382155 ], [ -7.8080607, 55.2366033 ], [ -7.8192203, 55.2384807 ], [ -7.8229626, 55.2367419 ], [ -7.8185994, 55.2350299 ], [ -7.8208091, 55.2346953 ], [ -7.8197167, 55.2323745 ], [ -7.8134863, 55.2310946 ], [ -7.816425, 55.2253216 ], [ -7.8220349, 55.2258493 ], [ -7.8277004, 55.2241582 ], [ -7.83315, 55.2288976 ], [ -7.8359772, 55.2288887 ], [ -7.83463, 55.2301 ], [ -7.8422561, 55.2322046 ], [ -7.8457242, 55.231498 ], [ -7.8454696, 55.2329024 ], [ -7.8479286, 55.2313593 ], [ -7.8469151, 55.2310544 ], [ -7.8479087, 55.2269889 ], [ -7.8507963, 55.2257693 ], [ -7.853508, 55.2273266 ], [ -7.8527371, 55.2286947 ], [ -7.85805, 55.22584 ], [ -7.8592897, 55.22762 ], [ -7.8623215, 55.227 ], [ -7.8663691, 55.2299497 ], [ -7.865476, 55.2278179 ], [ -7.8683737, 55.2246499 ], [ -7.8668805, 55.2223614 ], [ -7.8705719, 55.22043 ], [ -7.8657283, 55.2164443 ], [ -7.871396, 55.2135815 ], [ -7.869601, 55.2090062 ], [ -7.872724, 55.2090763 ], [ -7.8744007, 55.2061453 ], [ -7.8723848, 55.2031904 ], [ -7.8739125, 55.20279 ], [ -7.8637965, 55.1968913 ], [ -7.8655482, 55.1959708 ], [ -7.8611781, 55.1928024 ], [ -7.8515758, 55.193711 ], [ -7.8498317, 55.1890377 ], [ -7.8480859, 55.1908528 ], [ -7.845752, 55.1889974 ], [ -7.8420692, 55.1896079 ], [ -7.8428169, 55.193155 ], [ -7.8328693, 55.1928024 ], [ -7.8296469, 55.1895785 ], [ -7.8328299, 55.188587 ], [ -7.8308703, 55.18427 ], [ -7.8318316, 55.1836605 ], [ -7.8298143, 55.1840065 ], [ -7.8293189, 55.1822176 ], [ -7.8263062, 55.1830342 ], [ -7.8245896, 55.1812822 ], [ -7.8265746, 55.1693396 ], [ -7.8310378, 55.1626965 ], [ -7.8369387, 55.1593501 ], [ -7.8512832, 55.1552003 ], [ -7.8444382, 55.1543972 ], [ -7.837856, 55.1505167 ], [ -7.8578796, 55.1424567 ], [ -7.8576943, 55.140991 ], [ -7.8597878, 55.139987 ], [ -7.8583595, 55.1386116 ], [ -7.8597888, 55.1357466 ], [ -7.8565128, 55.1355609 ], [ -7.8590306, 55.133675 ], [ -7.8566244, 55.1325723 ], [ -7.8492193, 55.1337423 ], [ -7.8527252, 55.1310715 ], [ -7.8515724, 55.1308988 ], [ -7.8524163, 55.1297517 ], [ -7.8557181, 55.1286307 ], [ -7.8686357, 55.126726 ], [ -7.8609458, 55.1311118 ], [ -7.8694692, 55.1307664 ], [ -7.8636038, 55.1352821 ], [ -7.8666862, 55.1388535 ], [ -7.874089, 55.1416035 ], [ -7.8746543, 55.1447462 ], [ -7.87724, 55.1424342 ], [ -7.87593, 55.13982 ], [ -7.8770211, 55.1382612 ], [ -7.8866524, 55.1368856 ], [ -7.8884105, 55.1399745 ], [ -7.8901121, 55.1399812 ], [ -7.8965661, 55.1347422 ], [ -7.8984729, 55.1355879 ], [ -7.9072332, 55.1335311 ], [ -7.9023453, 55.1361978 ], [ -7.9011623, 55.1392846 ], [ -7.8968158, 55.1417261 ], [ -7.8973589, 55.1432126 ], [ -7.8928217, 55.1451443 ], [ -7.8937579, 55.146353 ], [ -7.87944, 55.1503494 ], [ -7.87588, 55.14917 ], [ -7.8785163, 55.1472676 ], [ -7.8696095, 55.150691 ], [ -7.86355, 55.15072 ], [ -7.8652784, 55.1520652 ], [ -7.8624247, 55.1548131 ], [ -7.86405, 55.15662 ], [ -7.8536753, 55.162404 ], [ -7.85561, 55.16243 ], [ -7.85309, 55.16471 ], [ -7.8549734, 55.165168 ], [ -7.8533105, 55.1661608 ], [ -7.8581706, 55.1651742 ], [ -7.860413, 55.1662466 ], [ -7.858514, 55.1696477 ], [ -7.8665284, 55.1663692 ], [ -7.8680734, 55.167889 ], [ -7.8695432, 55.1664244 ], [ -7.8733427, 55.1664219 ], [ -7.8745143, 55.1679576 ], [ -7.87813, 55.16494 ], [ -7.884535, 55.1654873 ], [ -7.8866915, 55.1604528 ], [ -7.8920785, 55.1611647 ], [ -7.9023961, 55.1569249 ], [ -7.9143713, 55.1554969 ], [ -7.9122967, 55.1575426 ], [ -7.8829059, 55.1689668 ], [ -7.8817011, 55.1715967 ], [ -7.87746, 55.17287 ], [ -7.8817464, 55.1760067 ], [ -7.8889187, 55.1723286 ], [ -7.8987431, 55.1736169 ], [ -7.9022696, 55.1775993 ], [ -7.9011475, 55.1801574 ], [ -7.89577, 55.18252 ], [ -7.8959528, 55.1853659 ], [ -7.8986405, 55.1863453 ], [ -7.8957108, 55.1871034 ], [ -7.89627, 55.18816 ], [ -7.904146, 55.1878291 ], [ -7.901358, 55.1893833 ], [ -7.905988, 55.1913777 ], [ -7.9079278, 55.1887616 ], [ -7.9120387, 55.1906199 ], [ -7.9141465, 55.1899303 ], [ -7.9128702, 55.1909509 ], [ -7.9138712, 55.1915597 ], [ -7.9145676, 55.1878307 ], [ -7.9185813, 55.1868932 ], [ -7.9152211, 55.1862736 ], [ -7.918513, 55.184541 ], [ -7.9222526, 55.1848819 ], [ -7.9249947, 55.1836218 ], [ -7.9262973, 55.1833886 ], [ -7.9272953, 55.1834014 ], [ -7.9293678, 55.1811104 ], [ -7.926165, 55.1805822 ], [ -7.930373, 55.1785305 ], [ -7.9362328, 55.1788378 ], [ -7.9356786, 55.1819453 ], [ -7.9390933, 55.1826717 ], [ -7.9460832, 55.1801332 ], [ -7.956371, 55.1878226 ], [ -7.9652461, 55.1839199 ], [ -7.980546, 55.1841713 ], [ -7.9834287, 55.1857063 ], [ -7.9738707, 55.1914609 ], [ -7.9719981, 55.1917409 ], [ -7.9705106, 55.1897114 ], [ -7.9659002, 55.1911257 ], [ -7.9615051, 55.1904457 ], [ -7.9543288, 55.1948529 ], [ -7.9447929, 55.1965218 ], [ -7.9415999, 55.2009526 ], [ -7.9442819, 55.2015693 ], [ -7.9396076, 55.2040469 ], [ -7.9411569, 55.2052003 ], [ -7.9409415, 55.2080991 ], [ -7.9394416, 55.2085457 ], [ -7.9439836, 55.2128503 ], [ -7.942952, 55.2145252 ], [ -7.9456554, 55.2133025 ], [ -7.9499872, 55.2147286 ], [ -7.9590541, 55.2143413 ], [ -7.9622344, 55.2127461 ], [ -7.9685009, 55.2133746 ], [ -7.9706477, 55.2145843 ], [ -7.970535, 55.2163395 ], [ -7.9743576, 55.2161351 ], [ -7.971866, 55.2170921 ], [ -7.9755234, 55.2200968 ], [ -7.9744141, 55.2242319 ], [ -7.9807116, 55.2243311 ], [ -7.9831484, 55.227989 ], [ -7.9868147, 55.2250996 ], [ -7.9862028, 55.2233756 ], [ -7.9941024, 55.2230423 ], [ -7.9968762, 55.2200948 ], [ -7.9924723, 55.2183776 ], [ -7.9966037, 55.2179968 ], [ -8.0023654, 55.2148467 ], [ -8.0035756, 55.2165357 ], [ -8.0066826, 55.2148718 ], [ -8.0129912, 55.215303 ], [ -8.0171506, 55.2137347 ], [ -8.0177364, 55.2114834 ], [ -8.0162816, 55.2112256 ], [ -8.0219532, 55.2074242 ], [ -8.018845, 55.2071019 ], [ -8.0192182, 55.2049971 ], [ -8.0228338, 55.2027336 ], [ -8.0221031, 55.2016805 ], [ -8.0232755, 55.2012952 ], [ -8.0215728, 55.2011675 ], [ -8.0256061, 55.1992789 ], [ -8.0129706, 55.1963072 ], [ -8.0210729, 55.1931165 ], [ -8.0218073, 55.1919379 ], [ -8.0197956, 55.1909302 ], [ -8.0246628, 55.1909586 ], [ -8.0257282, 55.188449 ], [ -8.0230845, 55.1882032 ], [ -8.0263268, 55.1868675 ], [ -8.0156699, 55.1857001 ], [ -8.0156251, 55.1832646 ], [ -8.0187984, 55.1784489 ], [ -8.025446, 55.1741504 ], [ -8.0373929, 55.1707917 ], [ -8.0403375, 55.1750118 ], [ -8.0457845, 55.1711097 ], [ -8.0482951, 55.1743596 ], [ -8.05165, 55.1735781 ], [ -8.0606134, 55.1685722 ], [ -8.0619513, 55.1661695 ], [ -8.0669429, 55.1649239 ], [ -8.0662402, 55.1641461 ], [ -8.0686553, 55.1623351 ], [ -8.0807381, 55.1609208 ], [ -8.0824107, 55.159311 ], [ -8.08627, 55.16066 ], [ -8.1149502, 55.1595648 ], [ -8.1228562, 55.1574053 ], [ -8.124399, 55.1537426 ], [ -8.1207608, 55.1560677 ], [ -8.1164017, 55.1515682 ], [ -8.1183251, 55.1499087 ], [ -8.1219107, 55.1499676 ], [ -8.1230106, 55.1494529 ], [ -8.1217364, 55.1474903 ], [ -8.1233124, 55.1451261 ], [ -8.1214252, 55.1361648 ], [ -8.1246267, 55.1360455 ], [ -8.1271485, 55.1393605 ], [ -8.1329459, 55.1409034 ], [ -8.1296414, 55.1426691 ], [ -8.13179, 55.14512 ], [ -8.133221, 55.142265 ], [ -8.1359574, 55.1421549 ], [ -8.137791, 55.1399526 ], [ -8.1320806, 55.1308217 ], [ -8.1341164, 55.1274183 ], [ -8.1322832, 55.1236562 ], [ -8.1353217, 55.120996 ], [ -8.1388689, 55.1213201 ], [ -8.1365016, 55.1222734 ], [ -8.137092, 55.1265015 ], [ -8.1359253, 55.128078 ], [ -8.1398676, 55.1275804 ], [ -8.139542, 55.1285919 ], [ -8.1442632, 55.1297387 ], [ -8.1451, 55.1314941 ], [ -8.1476229, 55.1312387 ], [ -8.1533607, 55.1242751 ], [ -8.1562682, 55.1242157 ], [ -8.1575101, 55.1269695 ], [ -8.1633537, 55.1262442 ], [ -8.1643331, 55.1276017 ], [ -8.1573026, 55.1339866 ], [ -8.161895, 55.1367811 ], [ -8.1560274, 55.1383235 ], [ -8.165265, 55.1423129 ], [ -8.1710377, 55.1427513 ], [ -8.1693677, 55.1447644 ], [ -8.160775, 55.1424985 ], [ -8.1626697, 55.1442855 ], [ -8.15009, 55.14652 ], [ -8.14852, 55.14714 ], [ -8.1497061, 55.1481035 ], [ -8.1449, 55.14892 ], [ -8.1475002, 55.1499109 ], [ -8.146879, 55.1524624 ], [ -8.1482555, 55.1529535 ], [ -8.1430381, 55.1572825 ], [ -8.1419336, 55.1562297 ], [ -8.1443454, 55.1552547 ], [ -8.12977, 55.1556 ], [ -8.1310787, 55.1581578 ], [ -8.1352919, 55.1575601 ], [ -8.1363755, 55.1605047 ], [ -8.1346954, 55.1619855 ], [ -8.1370493, 55.163009 ], [ -8.1470271, 55.16337 ], [ -8.150735, 55.1539006 ], [ -8.1545834, 55.1494032 ], [ -8.16084, 55.14583 ], [ -8.1662102, 55.1450801 ], [ -8.1968045, 55.1495995 ], [ -8.1982604, 55.1476192 ], [ -8.2007227, 55.1473795 ], [ -8.2090568, 55.1496437 ], [ -8.2096812, 55.1472508 ], [ -8.2127859, 55.146742 ], [ -8.2174582, 55.1486737 ], [ -8.218574, 55.1523503 ], [ -8.2322845, 55.1492501 ], [ -8.2453748, 55.1521045 ], [ -8.24743, 55.15459 ], [ -8.2562765, 55.1531259 ], [ -8.2696575, 55.1551783 ], [ -8.273853, 55.1543366 ], [ -8.284268, 55.1587976 ], [ -8.2904188, 55.1527596 ], [ -8.2968079, 55.1508178 ], [ -8.2883386, 55.1462088 ], [ -8.29912, 55.13966 ], [ -8.2987, 55.13813 ], [ -8.29537, 55.13707 ], [ -8.2938873, 55.130906 ], [ -8.2964579, 55.1282393 ], [ -8.2956956, 55.1256531 ], [ -8.3029774, 55.1260336 ], [ -8.3032911, 55.1227822 ], [ -8.3049268, 55.1225206 ], [ -8.3022857, 55.1182648 ], [ -8.3108076, 55.120315 ], [ -8.3116804, 55.115531 ], [ -8.3157021, 55.1147511 ], [ -8.3171135, 55.1129087 ], [ -8.3143451, 55.1104122 ], [ -8.3161672, 55.1095841 ], [ -8.3157408, 55.1083999 ], [ -8.313838, 55.1074309 ], [ -8.3177079, 55.105577 ], [ -8.31562, 55.10261 ], [ -8.3170529, 55.1015968 ], [ -8.313661, 55.1001844 ], [ -8.3150174, 55.0924007 ], [ -8.3054339, 55.0919814 ], [ -8.3033847, 55.0886809 ], [ -8.3003631, 55.0886458 ], [ -8.3051689, 55.0865035 ], [ -8.3045992, 55.0848793 ], [ -8.3058899, 55.0869763 ], [ -8.3070829, 55.086576 ], [ -8.3046625, 55.0840104 ], [ -8.3027512, 55.0839213 ], [ -8.3032216, 55.0827312 ], [ -8.3054135, 55.0822737 ], [ -8.3098437, 55.0851414 ], [ -8.306308, 55.0891587 ], [ -8.3157475, 55.0909561 ], [ -8.3262355, 55.090012 ], [ -8.3261046, 55.0866613 ], [ -8.3233271, 55.0854465 ], [ -8.3267767, 55.0841663 ], [ -8.3172028, 55.0778355 ], [ -8.3187564, 55.0736901 ], [ -8.3170284, 55.0681203 ], [ -8.3128732, 55.0689819 ], [ -8.3072186, 55.0662763 ], [ -8.3126141, 55.0644633 ], [ -8.3114302, 55.0637721 ], [ -8.3142529, 55.0621829 ], [ -8.3124139, 55.0605969 ], [ -8.3147105, 55.0577622 ], [ -8.3091583, 55.057586 ], [ -8.311423, 55.0572051 ], [ -8.3113345, 55.05524 ], [ -8.31484, 55.05741 ], [ -8.3173969, 55.0569919 ], [ -8.3147723, 55.0560846 ], [ -8.3168376, 55.0544826 ], [ -8.315615, 55.0535821 ], [ -8.316499, 55.0508552 ], [ -8.3175466, 55.0530287 ], [ -8.3199057, 55.0534792 ], [ -8.3241169, 55.0509031 ], [ -8.3209476, 55.0506773 ], [ -8.3153514, 55.0465535 ], [ -8.3082993, 55.0476642 ], [ -8.3039074, 55.0447287 ], [ -8.2797998, 55.0420793 ], [ -8.2751352, 55.0393356 ], [ -8.284255, 55.0417384 ], [ -8.3002469, 55.0418589 ], [ -8.3058859, 55.0434932 ], [ -8.3118404, 55.0420065 ], [ -8.3114778, 55.0435092 ], [ -8.3136463, 55.0427352 ], [ -8.3170071, 55.0447484 ], [ -8.3239946, 55.0443366 ], [ -8.3257198, 55.0424795 ], [ -8.3222254, 55.0403141 ], [ -8.3234364, 55.0398659 ], [ -8.3215085, 55.0348855 ], [ -8.3190816, 55.0346214 ], [ -8.3204431, 55.0316288 ], [ -8.3240812, 55.0369212 ], [ -8.3260366, 55.0368219 ], [ -8.3257045, 55.0345292 ], [ -8.3210935, 55.0297193 ], [ -8.3210495, 55.0262054 ], [ -8.3230486, 55.0271031 ], [ -8.323735, 55.0255994 ], [ -8.32073, 55.02543 ], [ -8.3179532, 55.0228448 ], [ -8.3219872, 55.0233828 ], [ -8.322915, 55.0210458 ], [ -8.3263391, 55.0223174 ], [ -8.3292704, 55.0207705 ], [ -8.3300595, 55.0184682 ], [ -8.3278293, 55.0127195 ], [ -8.3311239, 55.0152291 ], [ -8.3299973, 55.0165824 ], [ -8.3309323, 55.0191263 ], [ -8.332977, 55.0194008 ], [ -8.3295829, 55.0224146 ], [ -8.3360246, 55.0230885 ], [ -8.3326484, 55.0241753 ], [ -8.3311086, 55.0266462 ], [ -8.3323346, 55.0301481 ], [ -8.33153, 55.0333 ], [ -8.3367777, 55.037058 ], [ -8.3367407, 55.0460166 ], [ -8.3317936, 55.0486925 ], [ -8.3282306, 55.0487193 ], [ -8.3236655, 55.0541814 ], [ -8.3242303, 55.0572124 ], [ -8.3213011, 55.0587788 ], [ -8.3209175, 55.0608597 ], [ -8.3236909, 55.0636613 ], [ -8.3198377, 55.0634968 ], [ -8.3209197, 55.0666161 ], [ -8.3266296, 55.0650423 ], [ -8.3327763, 55.0672749 ], [ -8.33624, 55.06487 ], [ -8.3414693, 55.0648205 ], [ -8.3413869, 55.0627305 ], [ -8.3437258, 55.0624148 ], [ -8.3496599, 55.0642057 ], [ -8.3471131, 55.061004 ], [ -8.3507185, 55.0621505 ], [ -8.3528471, 55.0596386 ], [ -8.3480637, 55.0586377 ], [ -8.34956, 55.058493 ], [ -8.3486473, 55.0565892 ], [ -8.34385, 55.05654 ], [ -8.3453448, 55.056172 ], [ -8.3426907, 55.0537372 ], [ -8.3451048, 55.0528492 ], [ -8.3432169, 55.0515926 ], [ -8.3459201, 55.0506397 ], [ -8.3419531, 55.0476034 ], [ -8.3490443, 55.0379603 ], [ -8.3519182, 55.0398556 ], [ -8.3588405, 55.0390761 ], [ -8.35883, 55.04087 ], [ -8.3604026, 55.0398581 ], [ -8.3631347, 55.0422246 ], [ -8.3637029, 55.0402647 ], [ -8.364888, 55.042574 ], [ -8.3693456, 55.039833 ], [ -8.3709109, 55.0398853 ], [ -8.3706961, 55.0417498 ], [ -8.3752105, 55.0403285 ], [ -8.371677, 55.0402338 ], [ -8.3712883, 55.039113 ], [ -8.3727614, 55.0393102 ], [ -8.3700366, 55.0371326 ], [ -8.3731409, 55.0349207 ], [ -8.3832227, 55.0339924 ], [ -8.3845896, 55.0367134 ], [ -8.3875719, 55.0357821 ], [ -8.3884552, 55.0401404 ], [ -8.3897824, 55.0399482 ], [ -8.3919459, 55.0432327 ], [ -8.3947635, 55.0439607 ], [ -8.3977915, 55.041036 ], [ -8.4003017, 55.041217 ], [ -8.4006406, 55.0358419 ], [ -8.4025619, 55.0372463 ], [ -8.404752, 55.0356568 ], [ -8.4041003, 55.0347443 ], [ -8.4074973, 55.0341927 ], [ -8.4056348, 55.0323564 ], [ -8.40266, 55.03227 ], [ -8.40405, 55.02932 ], [ -8.4021425, 55.0281261 ], [ -8.4006861, 55.0293155 ], [ -8.3998419, 55.0262568 ], [ -8.3940846, 55.0257719 ], [ -8.3957891, 55.0244424 ], [ -8.3945875, 55.0221332 ], [ -8.4003877, 55.0216409 ], [ -8.3992408, 55.0189223 ], [ -8.4067875, 55.0195632 ], [ -8.4088131, 55.0167423 ], [ -8.4068902, 55.0156404 ], [ -8.4088943, 55.0154977 ], [ -8.4078401, 55.0116457 ], [ -8.4062737, 55.0129961 ], [ -8.4023383, 55.0123085 ], [ -8.4048569, 55.0091007 ], [ -8.399825, 55.0030984 ], [ -8.40178, 55.00177 ], [ -8.4075278, 55.0020216 ], [ -8.4112517, 55.0057293 ], [ -8.4213116, 55.0073415 ], [ -8.41436, 55.0099 ], [ -8.4165223, 55.0113122 ], [ -8.4230949, 55.0116638 ], [ -8.4245789, 55.0105261 ], [ -8.4214184, 55.0087539 ], [ -8.42532, 55.00675 ], [ -8.4295808, 55.0073301 ], [ -8.4319928, 55.0095362 ], [ -8.4340527, 55.0068476 ], [ -8.4506413, 55.0063529 ], [ -8.4497804, 55.0043773 ], [ -8.4513146, 55.0045127 ], [ -8.4515368, 55.0015981 ], [ -8.4494747, 55.0006828 ], [ -8.453986, 54.9986615 ], [ -8.4514945, 54.9967866 ], [ -8.4476209, 54.9967495 ], [ -8.4482596, 54.9957058 ], [ -8.4428409, 54.9910533 ], [ -8.4383188, 54.989519 ], [ -8.439552, 54.9880859 ], [ -8.438082, 54.988452 ], [ -8.4355554, 54.9882166 ], [ -8.44343, 54.98622 ], [ -8.44446, 54.9849391 ], [ -8.441833, 54.9833088 ], [ -8.4426041, 54.9832011 ], [ -8.4431889, 54.9824184 ], [ -8.4406485, 54.9819059 ], [ -8.4438801, 54.9807595 ], [ -8.4375059, 54.9779402 ], [ -8.4309806, 54.9781514 ], [ -8.4323528, 54.9763298 ], [ -8.42536, 54.97282 ], [ -8.4243359, 54.9692617 ], [ -8.4181358, 54.968941 ], [ -8.4204354, 54.9672965 ], [ -8.41725, 54.96458 ], [ -8.4173108, 54.9628444 ], [ -8.4133011, 54.9626673 ], [ -8.4166145, 54.9615195 ], [ -8.4127432, 54.9581567 ], [ -8.41207, 54.9598831 ], [ -8.4120193, 54.9585403 ], [ -8.4097123, 54.9589991 ], [ -8.4071347, 54.9613129 ], [ -8.4060493, 54.9588041 ], [ -8.4023387, 54.9587192 ], [ -8.4045061, 54.9580566 ], [ -8.3788066, 54.9518115 ], [ -8.3753913, 54.95295 ], [ -8.3669284, 54.9511904 ], [ -8.3634509, 54.9479009 ], [ -8.3672771, 54.9481574 ], [ -8.3733, 54.94234 ], [ -8.37951, 54.9434 ], [ -8.37977, 54.94084 ], [ -8.3779763, 54.9400699 ], [ -8.3805061, 54.9404174 ], [ -8.380766, 54.9391197 ], [ -8.3841168, 54.9440213 ], [ -8.3878982, 54.9447253 ], [ -8.390553, 54.9417309 ], [ -8.39867, 54.94169 ], [ -8.40318, 54.93761 ], [ -8.4071642, 54.9368335 ], [ -8.4206557, 54.9389012 ], [ -8.4215685, 54.9381642 ], [ -8.4197508, 54.9351425 ], [ -8.42499, 54.93683 ], [ -8.42766, 54.93646 ], [ -8.4269062, 54.9352434 ], [ -8.4311004, 54.9364637 ], [ -8.43613, 54.93548 ], [ -8.4368294, 54.9374452 ], [ -8.44013, 54.93537 ], [ -8.4487079, 54.9367843 ], [ -8.4392689, 54.938036 ], [ -8.4354025, 54.9401664 ], [ -8.4370226, 54.9407087 ], [ -8.4338246, 54.9407373 ], [ -8.4311835, 54.9427324 ], [ -8.4360034, 54.9444371 ], [ -8.43466, 54.94507 ], [ -8.4358961, 54.9465384 ], [ -8.4409, 54.94395 ], [ -8.4540458, 54.9453852 ], [ -8.4593418, 54.9422863 ], [ -8.4572078, 54.9361169 ], [ -8.444802, 54.9324811 ], [ -8.4439787, 54.9281855 ], [ -8.4479391, 54.9266433 ], [ -8.4471139, 54.9251108 ], [ -8.4496699, 54.9236473 ], [ -8.4586836, 54.9236981 ], [ -8.4559276, 54.9217966 ], [ -8.458804, 54.920155 ], [ -8.4570845, 54.9192653 ], [ -8.4584849, 54.9183787 ], [ -8.4552196, 54.9154729 ], [ -8.4560757, 54.9114028 ], [ -8.4503429, 54.910435 ], [ -8.4516668, 54.9088607 ], [ -8.4434781, 54.9044787 ], [ -8.4105566, 54.8981162 ], [ -8.409464, 54.8968474 ], [ -8.4123184, 54.8965673 ], [ -8.4106255, 54.8949137 ], [ -8.4016787, 54.893588 ], [ -8.3890511, 54.8883773 ], [ -8.3888818, 54.8857195 ], [ -8.3849808, 54.8828216 ], [ -8.37598, 54.88448 ], [ -8.37302, 54.88854 ], [ -8.37278, 54.89009 ], [ -8.37608, 54.89215 ], [ -8.3772876, 54.8994171 ], [ -8.3812321, 54.8996465 ], [ -8.3793785, 54.9006626 ], [ -8.3821618, 54.9023444 ], [ -8.3801338, 54.9053477 ], [ -8.3751197, 54.9024483 ], [ -8.3682618, 54.9045617 ], [ -8.3694685, 54.9034417 ], [ -8.3670878, 54.9007133 ], [ -8.3694929, 54.9004793 ], [ -8.36198, 54.89887 ], [ -8.3600977, 54.900663 ], [ -8.3616188, 54.9024334 ], [ -8.34944, 54.90469 ], [ -8.3450389, 54.9076928 ], [ -8.3418789, 54.9065797 ], [ -8.3422415, 54.9051217 ], [ -8.3397284, 54.9028251 ], [ -8.3420374, 54.8987315 ], [ -8.3395185, 54.8943755 ], [ -8.3426212, 54.8940718 ], [ -8.3430413, 54.8925099 ], [ -8.3401589, 54.8904747 ], [ -8.3353973, 54.888457 ], [ -8.3302536, 54.888455 ], [ -8.3315252, 54.8877118 ], [ -8.3299229, 54.8871052 ], [ -8.3153797, 54.8887312 ], [ -8.3153099, 54.8899047 ], [ -8.3136701, 54.8889696 ], [ -8.3129705, 54.8908709 ], [ -8.3129377, 54.8894134 ], [ -8.3086091, 54.8890582 ], [ -8.3106757, 54.8889245 ], [ -8.3099395, 54.8876975 ], [ -8.3049341, 54.8880868 ], [ -8.3110042, 54.8867389 ], [ -8.30934, 54.88424 ], [ -8.3214057, 54.8823266 ], [ -8.3251373, 54.8799471 ], [ -8.31921, 54.87853 ], [ -8.3227785, 54.8777193 ], [ -8.32117, 54.87684 ], [ -8.3228804, 54.8763334 ], [ -8.3208491, 54.8733052 ], [ -8.3287736, 54.8763996 ], [ -8.335294, 54.8758789 ], [ -8.3326303, 54.8771649 ], [ -8.34447, 54.88199 ], [ -8.3573931, 54.8833606 ], [ -8.36268, 54.88261 ], [ -8.3612502, 54.880702 ], [ -8.3629346, 54.8797114 ], [ -8.3623148, 54.8786034 ], [ -8.36899, 54.87688 ], [ -8.3814687, 54.879409 ], [ -8.390379, 54.8782084 ], [ -8.3895099, 54.876298 ], [ -8.3835474, 54.875153 ], [ -8.38418, 54.85659 ], [ -8.38204, 54.8512 ], [ -8.3787287, 54.8510307 ], [ -8.3766129, 54.8536649 ], [ -8.3713333, 54.8550014 ], [ -8.35514, 54.85374 ], [ -8.3511585, 54.852141 ], [ -8.3515908, 54.8485961 ], [ -8.3539721, 54.8489467 ], [ -8.3531159, 54.847365 ], [ -8.3394322, 54.8421188 ], [ -8.3276214, 54.8424865 ], [ -8.3123661, 54.8459256 ], [ -8.3093963, 54.847638 ], [ -8.3110157, 54.8484708 ], [ -8.309024, 54.8500192 ], [ -8.3042188, 54.85056 ], [ -8.2754446, 54.8628749 ], [ -8.2518608, 54.878193 ], [ -8.2417492, 54.8825515 ], [ -8.2388618, 54.8858676 ], [ -8.2241839, 54.8936938 ], [ -8.2164955, 54.8959951 ], [ -8.2132102, 54.8984299 ], [ -8.2110556, 54.8988059 ], [ -8.2112854, 54.900426 ], [ -8.2062349, 54.9039302 ], [ -8.206737, 54.9055912 ], [ -8.2062641, 54.9055324 ], [ -8.2050755, 54.9039791 ], [ -8.2107064, 54.9003578 ], [ -8.2104557, 54.8988589 ], [ -8.2161555, 54.8959087 ], [ -8.2282959, 54.8912571 ], [ -8.2339477, 54.8866858 ], [ -8.2395571, 54.8847555 ], [ -8.2414646, 54.8821018 ], [ -8.2476277, 54.8798077 ], [ -8.2662092, 54.8662461 ], [ -8.2710227, 54.8600865 ], [ -8.2829006, 54.8565361 ], [ -8.2841243, 54.8543786 ], [ -8.2913815, 54.8539005 ], [ -8.2976944, 54.8495535 ], [ -8.3169504, 54.8421338 ], [ -8.3273467, 54.8389458 ], [ -8.3347791, 54.8388611 ], [ -8.3359598, 54.8373532 ], [ -8.3335126, 54.8342159 ], [ -8.3578955, 54.8368216 ], [ -8.3552766, 54.834366 ], [ -8.3685272, 54.8360687 ], [ -8.3686549, 54.8326102 ], [ -8.3705952, 54.8347445 ], [ -8.3693185, 54.8357832 ], [ -8.3725396, 54.8366293 ], [ -8.373827, 54.8338255 ], [ -8.3797731, 54.8359986 ], [ -8.3745512, 54.8362663 ], [ -8.3755755, 54.8382813 ], [ -8.3722454, 54.8397043 ], [ -8.3611683, 54.8382944 ], [ -8.3632037, 54.8427258 ], [ -8.3686, 54.84448 ], [ -8.37132, 54.8409 ], [ -8.37847, 54.83812 ], [ -8.3912903, 54.8434596 ], [ -8.3999658, 54.8442593 ], [ -8.3999697, 54.8459822 ], [ -8.3971963, 54.8479625 ], [ -8.3970952, 54.8518928 ], [ -8.4000242, 54.8524842 ], [ -8.406145, 54.8473188 ], [ -8.4113941, 54.8460216 ], [ -8.4218909, 54.8474485 ], [ -8.4191, 54.85164 ], [ -8.4259266, 54.8513685 ], [ -8.4271698, 54.8475271 ], [ -8.4309641, 54.8444522 ], [ -8.4455261, 54.8410199 ], [ -8.4488745, 54.8385677 ], [ -8.4636609, 54.8407375 ], [ -8.4678075, 54.8433993 ], [ -8.4715433, 54.8436353 ], [ -8.47597, 54.84716 ], [ -8.4939108, 54.8478631 ], [ -8.5022267, 54.8444551 ], [ -8.5028479, 54.8430379 ], [ -8.500848, 54.8428124 ], [ -8.5037674, 54.8413797 ], [ -8.50284, 54.84032 ], [ -8.50802, 54.83974 ], [ -8.50318, 54.83767 ], [ -8.51248, 54.83694 ], [ -8.5031859, 54.8310449 ], [ -8.5095749, 54.8310041 ], [ -8.5110378, 54.8282522 ], [ -8.520455, 54.8315376 ], [ -8.5231006, 54.8307948 ], [ -8.5238346, 54.8325634 ], [ -8.5295104, 54.832078 ], [ -8.5280891, 54.8336877 ], [ -8.529303, 54.8339774 ], [ -8.5322812, 54.8324676 ], [ -8.5340712, 54.8345018 ], [ -8.53913, 54.83474 ], [ -8.5539937, 54.8333497 ], [ -8.5558373, 54.8322029 ], [ -8.5547737, 54.8307403 ], [ -8.5576887, 54.8290644 ], [ -8.5622104, 54.8295331 ], [ -8.5650953, 54.827994 ], [ -8.5652393, 54.8264625 ], [ -8.5600669, 54.8247213 ], [ -8.5499346, 54.8258599 ], [ -8.549956, 54.8244384 ], [ -8.5436561, 54.8224292 ], [ -8.5354202, 54.8227124 ], [ -8.5353478, 54.8238892 ], [ -8.5326653, 54.8229873 ], [ -8.5314996, 54.8251841 ], [ -8.5298721, 54.8228893 ], [ -8.52642, 54.82253 ], [ -8.5246611, 54.8239637 ], [ -8.523959, 54.8208824 ], [ -8.5264836, 54.8207002 ], [ -8.5247993, 54.8201788 ], [ -8.5305762, 54.8165293 ], [ -8.5258558, 54.8144009 ], [ -8.528899, 54.8128043 ], [ -8.5211245, 54.8123776 ], [ -8.5227, 54.8113232 ], [ -8.52167, 54.81111 ], [ -8.5140538, 54.8140655 ], [ -8.510465, 54.8126098 ], [ -8.5148584, 54.8128849 ], [ -8.5151878, 54.8124182 ], [ -8.4985978, 54.8073522 ], [ -8.4960401, 54.803621 ], [ -8.4970706, 54.8011424 ], [ -8.5009791, 54.8011535 ], [ -8.5005891, 54.7998245 ], [ -8.4899, 54.79857 ], [ -8.4901786, 54.800122 ], [ -8.4873891, 54.7993057 ], [ -8.4868941, 54.8013767 ], [ -8.4759278, 54.8029025 ], [ -8.4702083, 54.8018673 ], [ -8.46509, 54.79756 ], [ -8.4590073, 54.796704 ], [ -8.4545776, 54.7984956 ], [ -8.4515736, 54.796286 ], [ -8.4537005, 54.7940284 ], [ -8.4509465, 54.7927034 ], [ -8.45583, 54.79355 ], [ -8.45852, 54.79189 ], [ -8.45676, 54.79048 ], [ -8.44414, 54.78978 ], [ -8.4471956, 54.7880234 ], [ -8.4476709, 54.7842064 ], [ -8.4454456, 54.7819938 ], [ -8.4439083, 54.7829937 ], [ -8.4444618, 54.7842346 ], [ -8.4387433, 54.78255 ], [ -8.4403103, 54.7787233 ], [ -8.4378457, 54.778068 ], [ -8.4432043, 54.7788309 ], [ -8.4432917, 54.7775382 ], [ -8.4290024, 54.7735749 ], [ -8.4258479, 54.7774477 ], [ -8.4140682, 54.7756986 ], [ -8.4123493, 54.7739869 ], [ -8.4247248, 54.7693602 ], [ -8.4234108, 54.7674801 ], [ -8.4247452, 54.7674463 ], [ -8.42054, 54.76636 ], [ -8.423593, 54.7640115 ], [ -8.4217702, 54.7641626 ], [ -8.4201585, 54.7636346 ], [ -8.4301762, 54.7623771 ], [ -8.4318928, 54.764881 ], [ -8.4381035, 54.7653924 ], [ -8.4368804, 54.7669042 ], [ -8.4452132, 54.7707832 ], [ -8.45081, 54.7715155 ], [ -8.4517881, 54.7696306 ], [ -8.4565437, 54.7714951 ], [ -8.4538655, 54.771975 ], [ -8.45696, 54.77549 ], [ -8.4594271, 54.7760436 ], [ -8.4590945, 54.7794098 ], [ -8.4605719, 54.781347 ], [ -8.4653373, 54.7827927 ], [ -8.470996, 54.7818441 ], [ -8.4696033, 54.7832992 ], [ -8.4712154, 54.7856928 ], [ -8.4705389, 54.7876747 ], [ -8.4729144, 54.7900531 ], [ -8.4821713, 54.7918657 ], [ -8.48791, 54.7908759 ], [ -8.4890879, 54.7874602 ], [ -8.5014935, 54.7895549 ], [ -8.5067396, 54.7870751 ], [ -8.51353, 54.78726 ], [ -8.51579, 54.78432 ], [ -8.52946, 54.79001 ], [ -8.5462992, 54.789712 ], [ -8.5483633, 54.7887883 ], [ -8.5481, 54.78726 ], [ -8.5526247, 54.7867601 ], [ -8.5470858, 54.7823339 ], [ -8.53401, 54.77977 ], [ -8.52937, 54.77785 ], [ -8.5308529, 54.7772 ], [ -8.5276215, 54.7745362 ], [ -8.5167799, 54.7723593 ], [ -8.51106, 54.77227 ], [ -8.5042727, 54.7749856 ], [ -8.4938535, 54.7710548 ], [ -8.4839032, 54.7714651 ], [ -8.4677392, 54.7660323 ], [ -8.4740628, 54.7641171 ], [ -8.46731, 54.76377 ], [ -8.4687367, 54.7619317 ], [ -8.4680667, 54.7597139 ], [ -8.4587516, 54.7593932 ], [ -8.4553877, 54.7571979 ], [ -8.4410915, 54.7583309 ], [ -8.4337951, 54.7575044 ], [ -8.4350904, 54.7571517 ], [ -8.4347912, 54.7553014 ], [ -8.4710544, 54.7558956 ], [ -8.4729652, 54.7577553 ], [ -8.4942032, 54.760036 ], [ -8.4968095, 54.7614842 ], [ -8.4950231, 54.7616899 ], [ -8.49833, 54.76248 ], [ -8.51014, 54.7603707 ], [ -8.512693, 54.7613737 ], [ -8.5154669, 54.7598767 ], [ -8.5181057, 54.7620932 ], [ -8.5151772, 54.7615738 ], [ -8.5111693, 54.7648253 ], [ -8.5181716, 54.7681538 ], [ -8.52492, 54.7641343 ], [ -8.5282907, 54.7665601 ], [ -8.5340461, 54.7647693 ], [ -8.5395188, 54.7653936 ], [ -8.5489425, 54.7690212 ], [ -8.5487923, 54.7705561 ], [ -8.5596643, 54.7734314 ], [ -8.5626646, 54.7727605 ], [ -8.570385, 54.7758962 ], [ -8.57307, 54.77429 ], [ -8.5750232, 54.7764603 ], [ -8.584784, 54.7766814 ], [ -8.5855033, 54.7778138 ], [ -8.5889309, 54.7765933 ], [ -8.5941759, 54.7791482 ], [ -8.5959017, 54.777534 ], [ -8.5986436, 54.7786467 ], [ -8.6021973, 54.7769529 ], [ -8.6094627, 54.7760364 ], [ -8.6147221, 54.7770691 ], [ -8.6370526, 54.7713132 ], [ -8.6465295, 54.772968 ], [ -8.6495368, 54.7708363 ], [ -8.6533456, 54.7708963 ], [ -8.65462, 54.76917 ], [ -8.66746, 54.77011 ], [ -8.6690341, 54.7691475 ], [ -8.6655167, 54.7671059 ], [ -8.670312, 54.7663653 ], [ -8.6679479, 54.764945 ], [ -8.6687315, 54.7632599 ], [ -8.6738696, 54.760824 ], [ -8.6806063, 54.7605331 ], [ -8.687381, 54.7632686 ], [ -8.6887194, 54.7624672 ], [ -8.6879646, 54.7634468 ], [ -8.6919515, 54.7626415 ], [ -8.6892451, 54.7619405 ], [ -8.6893192, 54.7581373 ], [ -8.7050704, 54.7512059 ], [ -8.7039439, 54.7501836 ], [ -8.7058622, 54.7484578 ], [ -8.7021264, 54.7469128 ], [ -8.7046839, 54.7446448 ], [ -8.725891, 54.743195 ], [ -8.7366832, 54.737575 ], [ -8.7459733, 54.7390569 ], [ -8.7461809, 54.7356666 ], [ -8.74192, 54.7355774 ], [ -8.7406373, 54.7327716 ], [ -8.7511767, 54.7275842 ], [ -8.7495547, 54.7250352 ], [ -8.7518901, 54.7228569 ], [ -8.7443797, 54.7209559 ], [ -8.7469529, 54.7191565 ], [ -8.7516333, 54.7192829 ], [ -8.752069, 54.7168415 ], [ -8.7482923, 54.7166601 ], [ -8.7488557, 54.7148563 ], [ -8.7474859, 54.714881 ], [ -8.749046, 54.7120592 ], [ -8.7380033, 54.7118083 ], [ -8.7382479, 54.7124273 ], [ -8.7374229, 54.7131905 ], [ -8.7369033, 54.7131752 ], [ -8.7372655, 54.7139081 ], [ -8.735519, 54.7143961 ], [ -8.7344997, 54.7143818 ], [ -8.7338131, 54.7141502 ], [ -8.7376625, 54.7128442 ], [ -8.7324746, 54.7129528 ], [ -8.7309863, 54.7114647 ], [ -8.7399029, 54.7114901 ], [ -8.7392277, 54.7083792 ], [ -8.7455861, 54.7074228 ], [ -8.7557562, 54.7088997 ], [ -8.7556015, 54.7111264 ], [ -8.7585713, 54.7084625 ], [ -8.7602698, 54.7088414 ], [ -8.759624, 54.709844 ], [ -8.7622407, 54.7090532 ], [ -8.7631286, 54.7077008 ], [ -8.7605276, 54.7067815 ], [ -8.7617863, 54.7061829 ], [ -8.7665737, 54.707098 ], [ -8.7725906, 54.7058288 ], [ -8.7788866, 54.7023472 ], [ -8.780043, 54.7036929 ], [ -8.7820143, 54.7026874 ], [ -8.7825328, 54.7040429 ], [ -8.7885851, 54.7027556 ], [ -8.7884465, 54.7062734 ], [ -8.7949404, 54.7064662 ], [ -8.7979473, 54.7047789 ], [ -8.7961759, 54.7039629 ], [ -8.7985039, 54.7022988 ], [ -8.8027777, 54.7030108 ], [ -8.8057489, 54.6985896 ] ] ], [ [ [ -8.7123864, 54.7535736 ], [ -8.7072881, 54.7527953 ], [ -8.7057206, 54.7536231 ], [ -8.707228, 54.7544844 ], [ -8.7123864, 54.7535736 ] ] ], [ [ [ -8.6942029, 54.7638006 ], [ -8.6921172, 54.7630788 ], [ -8.69055, 54.76377 ], [ -8.6926751, 54.7646882 ], [ -8.6942029, 54.7638006 ] ] ], [ [ [ -8.6215876, 54.618484 ], [ -8.6184406, 54.6180314 ], [ -8.617146, 54.6190543 ], [ -8.6143384, 54.6183101 ], [ -8.6185563, 54.619913 ], [ -8.6215876, 54.618484 ] ] ], [ [ [ -8.6052694, 54.7783202 ], [ -8.6021293, 54.7773014 ], [ -8.6013367, 54.778988 ], [ -8.6039425, 54.7796159 ], [ -8.6052694, 54.7783202 ] ] ], [ [ [ -8.5754721, 54.980489 ], [ -8.5737121, 54.978949 ], [ -8.5713877, 54.9813598 ], [ -8.5737362, 54.9825184 ], [ -8.5754721, 54.980489 ] ] ], [ [ [ -8.5693672, 54.9786532 ], [ -8.5659805, 54.9799407 ], [ -8.5651411, 54.9779097 ], [ -8.5681256, 54.9776877 ], [ -8.5676558, 54.9762127 ], [ -8.5660807, 54.9766092 ], [ -8.5669373, 54.9754991 ], [ -8.5613552, 54.9765299 ], [ -8.5613552, 54.9751343 ], [ -8.5585642, 54.9768947 ], [ -8.559559, 54.9748329 ], [ -8.5537282, 54.9752612 ], [ -8.5546859, 54.9739619 ], [ -8.52822, 54.97339 ], [ -8.5270617, 54.9694412 ], [ -8.5220465, 54.9682938 ], [ -8.5198184, 54.9694788 ], [ -8.5227519, 54.9720731 ], [ -8.5190604, 54.9734565 ], [ -8.5027408, 54.9715889 ], [ -8.4988281, 54.9749276 ], [ -8.4949523, 54.9748925 ], [ -8.4949463, 54.9729835 ], [ -8.4914891, 54.9741918 ], [ -8.4875768, 54.9731989 ], [ -8.4856574, 54.9768157 ], [ -8.4882215, 54.9769334 ], [ -8.4870393, 54.9781951 ], [ -8.4879315, 54.9801802 ], [ -8.4860062, 54.98048 ], [ -8.4889878, 54.9857228 ], [ -8.4904319, 54.9852639 ], [ -8.49128, 54.9868918 ], [ -8.4948328, 54.9859733 ], [ -8.4976091, 54.9877555 ], [ -8.4954973, 54.9898001 ], [ -8.4999871, 54.9957655 ], [ -8.4962402, 54.9981424 ], [ -8.4981452, 55.0003269 ], [ -8.4958291, 55.0004448 ], [ -8.4948131, 55.0022695 ], [ -8.4997221, 55.0030976 ], [ -8.5007319, 55.0051818 ], [ -8.5082, 55.0075 ], [ -8.5113489, 55.0072707 ], [ -8.5100352, 55.0045788 ], [ -8.5129432, 55.0040705 ], [ -8.51444, 55.00727 ], [ -8.519552, 55.0097432 ], [ -8.5193, 55.011 ], [ -8.52952, 55.0122 ], [ -8.5289119, 55.0170169 ], [ -8.53304, 55.01759 ], [ -8.53458, 55.01913 ], [ -8.533424, 55.0200478 ], [ -8.5416287, 55.0234989 ], [ -8.5437101, 55.021377 ], [ -8.539381, 55.0196917 ], [ -8.5431948, 55.0197821 ], [ -8.5404754, 55.0177019 ], [ -8.5430718, 55.016607 ], [ -8.5410215, 55.0154531 ], [ -8.5424834, 55.0138354 ], [ -8.54602, 55.01251 ], [ -8.5517174, 55.0149938 ], [ -8.550476, 55.0131637 ], [ -8.5520901, 55.0122614 ], [ -8.5539937, 55.0157643 ], [ -8.5567027, 55.0158658 ], [ -8.5578593, 55.0143203 ], [ -8.5585638, 55.0164734 ], [ -8.5630452, 55.0140959 ], [ -8.5619499, 55.0121467 ], [ -8.5576937, 55.0112325 ], [ -8.55868, 55.0100562 ], [ -8.5571203, 55.0083234 ], [ -8.5480072, 55.0057817 ], [ -8.5504051, 55.0032885 ], [ -8.5480136, 55.0013815 ], [ -8.5521609, 55.0007468 ], [ -8.5543298, 54.998409 ], [ -8.5579569, 54.9994947 ], [ -8.5599926, 54.997387 ], [ -8.5586826, 54.995587 ], [ -8.562826, 54.9943123 ], [ -8.5632425, 54.9912393 ], [ -8.5618526, 54.9908669 ], [ -8.5621026, 54.9884269 ], [ -8.5603226, 54.9881669 ], [ -8.5627756, 54.9876827 ], [ -8.559977, 54.986547 ], [ -8.5585679, 54.9838166 ], [ -8.5662344, 54.9830327 ], [ -8.5693672, 54.9786532 ] ] ], [ [ [ -8.5674923, 54.825486 ], [ -8.5661834, 54.8249174 ], [ -8.5657328, 54.8253377 ], [ -8.5663765, 54.8262153 ], [ -8.5674923, 54.825486 ] ] ], [ [ [ -8.564229, 54.8122355 ], [ -8.556397, 54.8118398 ], [ -8.5589182, 54.8132927 ], [ -8.5553348, 54.8138739 ], [ -8.5635159, 54.8147163 ], [ -8.5624792, 54.8127386 ], [ -8.564229, 54.8122355 ] ] ], [ [ [ -8.5613312, 54.8317118 ], [ -8.5578549, 54.8301352 ], [ -8.5565926, 54.8316098 ], [ -8.5571262, 54.8327711 ], [ -8.5613312, 54.8317118 ] ] ], [ [ [ -8.5504746, 54.8187267 ], [ -8.5508394, 54.8177623 ], [ -8.5485435, 54.8172925 ], [ -8.5504746, 54.8187267 ] ] ], [ [ [ -8.5479698, 54.5977983 ], [ -8.5425668, 54.5967345 ], [ -8.5417648, 54.5977249 ], [ -8.5450995, 54.5997545 ], [ -8.5479698, 54.5977983 ] ] ], [ [ [ -8.5366942, 54.8706171 ], [ -8.5352587, 54.8679826 ], [ -8.52941, 54.87018 ], [ -8.52542, 54.86978 ], [ -8.5288597, 54.8708451 ], [ -8.5310389, 54.8702627 ], [ -8.53028, 54.87185 ], [ -8.5366942, 54.8706171 ] ] ], [ [ [ -8.5287246, 54.9719009 ], [ -8.5290143, 54.9715206 ], [ -8.528223, 54.9719471 ], [ -8.5287246, 54.9719009 ] ] ], [ [ [ -8.5195967, 54.8322915 ], [ -8.5186419, 54.8313646 ], [ -8.5178801, 54.8319455 ], [ -8.5195967, 54.8322915 ] ] ], [ [ [ -8.500392, 54.9586618 ], [ -8.4981998, 54.9558008 ], [ -8.4915324, 54.9544744 ], [ -8.4899504, 54.9555451 ], [ -8.4908916, 54.9580376 ], [ -8.500392, 54.9586618 ] ] ], [ [ [ -8.4976834, 54.7670806 ], [ -8.4969377, 54.7663688 ], [ -8.4930965, 54.7652081 ], [ -8.4934414, 54.7665934 ], [ -8.4976834, 54.7670806 ] ] ], [ [ [ -8.4949663, 54.9953603 ], [ -8.4911683, 54.9952562 ], [ -8.4902101, 54.9957077 ], [ -8.4917578, 54.9969908 ], [ -8.4949663, 54.9953603 ] ] ], [ [ [ -8.4926274, 54.7612437 ], [ -8.4899076, 54.7608014 ], [ -8.488382, 54.76192 ], [ -8.4909708, 54.7620989 ], [ -8.4926274, 54.7612437 ] ] ], [ [ [ -8.4838658, 54.942266 ], [ -8.4807658, 54.940846 ], [ -8.4780958, 54.940706 ], [ -8.4816258, 54.943026 ], [ -8.4838658, 54.942266 ] ] ], [ [ [ -8.4794858, 54.9930281 ], [ -8.4780956, 54.9918828 ], [ -8.4723396, 54.9918213 ], [ -8.4687377, 54.9880627 ], [ -8.4653096, 54.9876602 ], [ -8.4708, 54.9938847 ], [ -8.477619, 54.9942591 ], [ -8.4794858, 54.9930281 ] ] ], [ [ [ -8.4760955, 54.9911324 ], [ -8.4744862, 54.9901352 ], [ -8.4737137, 54.9899383 ], [ -8.4741214, 54.9914524 ], [ -8.4760955, 54.9911324 ] ] ], [ [ [ -8.4747222, 54.9957731 ], [ -8.4732846, 54.9942345 ], [ -8.4698827, 54.9942802 ], [ -8.4699305, 54.9957835 ], [ -8.4737995, 54.9968932 ], [ -8.4747222, 54.9957731 ] ] ], [ [ [ -8.4706561, 54.7595303 ], [ -8.4695283, 54.7591875 ], [ -8.4688148, 54.7593817 ], [ -8.4696355, 54.7595473 ], [ -8.4706561, 54.7595303 ] ] ], [ [ [ -8.4687907, 54.9844079 ], [ -8.4680183, 54.983369 ], [ -8.4665028, 54.9839216 ], [ -8.4673772, 54.9848219 ], [ -8.4687907, 54.9844079 ] ] ], [ [ [ -8.4668577, 54.9743375 ], [ -8.4551667, 54.9691425 ], [ -8.4457463, 54.9709911 ], [ -8.4493158, 54.9768321 ], [ -8.4611459, 54.9829739 ], [ -8.4641921, 54.9828489 ], [ -8.4634263, 54.9806088 ], [ -8.4668577, 54.9743375 ] ] ], [ [ [ -8.4655666, 54.9914586 ], [ -8.4646539, 54.9874121 ], [ -8.4625313, 54.9871409 ], [ -8.4611772, 54.9837189 ], [ -8.4530114, 54.9852001 ], [ -8.4543123, 54.9888219 ], [ -8.455955, 54.9888602 ], [ -8.456815, 54.9898902 ], [ -8.4594972, 54.9904087 ], [ -8.4607525, 54.9915628 ], [ -8.4655666, 54.9914586 ] ] ], [ [ [ -8.4649475, 54.9929723 ], [ -8.4636435, 54.9918835 ], [ -8.4624465, 54.9923502 ], [ -8.4633021, 54.9928852 ], [ -8.4649475, 54.9929723 ] ] ], [ [ [ -8.464702, 54.8487869 ], [ -8.455038, 54.8447485 ], [ -8.4512593, 54.8448271 ], [ -8.451564, 54.847169 ], [ -8.4484714, 54.8480584 ], [ -8.4551855, 54.8505294 ], [ -8.464702, 54.8487869 ] ] ], [ [ [ -8.4625495, 55.0001911 ], [ -8.45931, 54.99782 ], [ -8.4527576, 54.9995007 ], [ -8.459065, 55.001604 ], [ -8.4625495, 55.0001911 ] ] ], [ [ [ -8.4622592, 55.0571962 ], [ -8.4584118, 55.0552581 ], [ -8.4607118, 55.0533246 ], [ -8.456791, 55.0527862 ], [ -8.4585473, 55.0507415 ], [ -8.4569809, 55.0500834 ], [ -8.4582245, 55.04849 ], [ -8.4520918, 55.0487238 ], [ -8.4514463, 55.0476252 ], [ -8.449463, 55.0501335 ], [ -8.4479389, 55.0487042 ], [ -8.438636, 55.0524253 ], [ -8.4406285, 55.0528885 ], [ -8.4393518, 55.0540804 ], [ -8.4418295, 55.0566307 ], [ -8.4471012, 55.0589815 ], [ -8.4455699, 55.0592732 ], [ -8.4458167, 55.0614154 ], [ -8.4546612, 55.0609315 ], [ -8.4546455, 55.0592188 ], [ -8.4564683, 55.0602519 ], [ -8.4558512, 55.0594363 ], [ -8.4622592, 55.0571962 ] ] ], [ [ [ -8.4593398, 54.9918818 ], [ -8.4597762, 54.9909657 ], [ -8.4584082, 54.9905964 ], [ -8.4593398, 54.9918818 ] ] ], [ [ [ -8.4595237, 54.9833322 ], [ -8.4571559, 54.9828206 ], [ -8.4528063, 54.980705 ], [ -8.4541904, 54.9834298 ], [ -8.4595237, 54.9833322 ] ] ], [ [ [ -8.4592036, 54.9965169 ], [ -8.4546027, 54.9948036 ], [ -8.4555573, 54.9937641 ], [ -8.452182, 54.9934585 ], [ -8.4531136, 54.997022 ], [ -8.4592036, 54.9965169 ] ] ], [ [ [ -8.4587324, 54.7798676 ], [ -8.4583032, 54.7789735 ], [ -8.4578338, 54.7787384 ], [ -8.4587324, 54.7798676 ] ] ], [ [ [ -8.4586249, 54.9546163 ], [ -8.4543899, 54.9544342 ], [ -8.4568039, 54.9540215 ], [ -8.45748, 54.95222 ], [ -8.4533594, 54.9531672 ], [ -8.4554091, 54.95144 ], [ -8.44574, 54.94833 ], [ -8.43501, 54.95161 ], [ -8.4342162, 54.9559068 ], [ -8.43842, 54.96238 ], [ -8.4422502, 54.962484 ], [ -8.4586249, 54.9546163 ] ] ], [ [ [ -8.4552459, 54.9591793 ], [ -8.4531346, 54.958956 ], [ -8.4506992, 54.9595042 ], [ -8.4522119, 54.9611366 ], [ -8.4552459, 54.9591793 ] ] ], [ [ [ -8.45515, 55.00881 ], [ -8.45207, 55.0065 ], [ -8.4451588, 55.0095556 ], [ -8.4461141, 55.0112109 ], [ -8.4487738, 55.0112408 ], [ -8.4482137, 55.0096569 ], [ -8.44935, 55.00954 ], [ -8.45044, 55.01135 ], [ -8.4535129, 55.0119937 ], [ -8.4525785, 55.0102092 ], [ -8.45515, 55.00881 ] ] ], [ [ [ -8.45315, 54.9919 ], [ -8.45005, 54.99086 ], [ -8.4520311, 54.9903058 ], [ -8.450413, 54.9884002 ], [ -8.44564, 54.98738 ], [ -8.4465403, 54.9868397 ], [ -8.44161, 54.98917 ], [ -8.4477277, 54.9901809 ], [ -8.45092, 54.9924 ], [ -8.45315, 54.9919 ] ] ], [ [ [ -8.4515643, 54.7832289 ], [ -8.4481279, 54.781836 ], [ -8.4475207, 54.7834516 ], [ -8.4489691, 54.7844229 ], [ -8.4515643, 54.7832289 ] ] ], [ [ [ -8.4476171, 54.9919109 ], [ -8.4468181, 54.9903262 ], [ -8.44293, 54.99019 ], [ -8.4476171, 54.9919109 ] ] ], [ [ [ -8.445729, 54.7573419 ], [ -8.445662, 54.7571902 ], [ -8.4455118, 54.7572181 ], [ -8.445729, 54.7573419 ] ] ], [ [ [ -8.4438434, 54.7561826 ], [ -8.4441572, 54.7560417 ], [ -8.4438622, 54.756017 ], [ -8.4438434, 54.7561826 ] ] ], [ [ [ -8.4437254, 54.7579347 ], [ -8.4438247, 54.7576576 ], [ -8.4433821, 54.7579424 ], [ -8.4437254, 54.7579347 ] ] ], [ [ [ -8.4432549, 54.9789774 ], [ -8.4425152, 54.9771889 ], [ -8.4406872, 54.9772649 ], [ -8.4405587, 54.9777046 ], [ -8.4432549, 54.9789774 ] ] ], [ [ [ -8.4403462, 54.6152419 ], [ -8.4409184, 54.6138844 ], [ -8.4391785, 54.6157789 ], [ -8.4403462, 54.6152419 ] ] ], [ [ [ -8.4381054, 55.0275714 ], [ -8.4353636, 55.0255471 ], [ -8.4220177, 55.0263201 ], [ -8.4212378, 55.0228408 ], [ -8.4253017, 55.0202561 ], [ -8.4201568, 55.0192812 ], [ -8.4213656, 55.0176412 ], [ -8.4184922, 55.0147373 ], [ -8.41031, 55.01296 ], [ -8.4105036, 55.0176961 ], [ -8.4073493, 55.0229338 ], [ -8.4095496, 55.0286716 ], [ -8.4074834, 55.0290116 ], [ -8.4160919, 55.0315442 ], [ -8.4142286, 55.0325972 ], [ -8.4160658, 55.033835 ], [ -8.4162665, 55.0387381 ], [ -8.418217, 55.0418759 ], [ -8.420866, 55.0425263 ], [ -8.4193439, 55.0441403 ], [ -8.4222395, 55.0501529 ], [ -8.4254664, 55.0505673 ], [ -8.4258725, 55.0523703 ], [ -8.4324999, 55.0523557 ], [ -8.4297621, 55.0510975 ], [ -8.4316491, 55.0499395 ], [ -8.4304631, 55.0484463 ], [ -8.4325306, 55.0486336 ], [ -8.4317191, 55.0476505 ], [ -8.4328975, 55.0471617 ], [ -8.4267242, 55.0431412 ], [ -8.4288749, 55.0419613 ], [ -8.4280716, 55.0406999 ], [ -8.430187, 55.0404047 ], [ -8.4249442, 55.0400145 ], [ -8.4266806, 55.039501 ], [ -8.4259841, 55.0383661 ], [ -8.4210802, 55.036864 ], [ -8.4196623, 55.0344937 ], [ -8.42854, 55.03097 ], [ -8.42857, 55.02891 ], [ -8.4317, 55.0283 ], [ -8.43167, 55.03022 ], [ -8.4345976, 55.0305996 ], [ -8.4381054, 55.0275714 ] ] ], [ [ [ -8.4378598, 54.970097 ], [ -8.4351698, 54.9707169 ], [ -8.4320998, 54.968277 ], [ -8.4360198, 54.9744369 ], [ -8.4378598, 54.970097 ] ] ], [ [ [ -8.4337717, 54.9529671 ], [ -8.4324092, 54.9524427 ], [ -8.4305781, 54.9536177 ], [ -8.4326747, 54.9549101 ], [ -8.4337717, 54.9529671 ] ] ], [ [ [ -8.43238, 54.94852 ], [ -8.4290511, 54.9457188 ], [ -8.4296948, 54.9468403 ], [ -8.4278602, 54.9475921 ], [ -8.42353, 54.94579 ], [ -8.41994, 54.94769 ], [ -8.4199, 54.95025 ], [ -8.427, 54.9517 ], [ -8.43238, 54.94852 ] ] ], [ [ [ -8.4287149, 55.0092399 ], [ -8.4299865, 55.0081842 ], [ -8.427411, 55.0084089 ], [ -8.4287149, 55.0092399 ] ] ], [ [ [ -8.4279852, 55.0238749 ], [ -8.4242738, 55.0220306 ], [ -8.422785, 55.0254891 ], [ -8.4265074, 55.0240668 ], [ -8.4279852, 55.0238749 ] ] ], [ [ [ -8.4265432, 54.7651247 ], [ -8.426452, 54.7648895 ], [ -8.4262374, 54.7650489 ], [ -8.4265432, 54.7651247 ] ] ], [ [ [ -8.4249629, 54.9673273 ], [ -8.422506, 54.9647097 ], [ -8.4216541, 54.9649069 ], [ -8.422621, 54.9671825 ], [ -8.4249629, 54.9673273 ] ] ], [ [ [ -8.4150403, 55.0445572 ], [ -8.4111397, 55.0419694 ], [ -8.4092467, 55.0440593 ], [ -8.4105856, 55.0456197 ], [ -8.4125512, 55.045344 ], [ -8.411768, 55.0439302 ], [ -8.4150403, 55.0445572 ] ] ], [ [ [ -8.406723, 55.0224949 ], [ -8.4074056, 55.0220682 ], [ -8.4069939, 55.0219875 ], [ -8.406723, 55.0224949 ] ] ], [ [ [ -8.4013898, 54.9476107 ], [ -8.3951998, 54.9446307 ], [ -8.3940906, 54.9454098 ], [ -8.3951063, 54.9480434 ], [ -8.4013898, 54.9476107 ] ] ], [ [ [ -8.4003016, 54.6270249 ], [ -8.3982079, 54.627485 ], [ -8.3977579, 54.628255 ], [ -8.3993031, 54.6284537 ], [ -8.4003016, 54.6270249 ] ] ], [ [ [ -8.3865498, 55.06483 ], [ -8.3838016, 55.0613037 ], [ -8.3826768, 55.062283 ], [ -8.3820216, 55.0610337 ], [ -8.3775616, 55.0607537 ], [ -8.3763775, 55.062132 ], [ -8.3787873, 55.0632008 ], [ -8.3774206, 55.0644543 ], [ -8.38088, 55.0662152 ], [ -8.3865498, 55.06483 ] ] ], [ [ [ -8.3826314, 55.0873709 ], [ -8.3835112, 55.0862334 ], [ -8.3812066, 55.0857302 ], [ -8.3826314, 55.0873709 ] ] ], [ [ [ -8.3807947, 55.0871774 ], [ -8.376362, 55.0841132 ], [ -8.3704006, 55.0835415 ], [ -8.3672865, 55.0851441 ], [ -8.366179, 55.0832456 ], [ -8.3627595, 55.0837222 ], [ -8.3608491, 55.081031 ], [ -8.3573417, 55.0803877 ], [ -8.35772, 55.08197 ], [ -8.3480017, 55.0847859 ], [ -8.3487819, 55.0871051 ], [ -8.3514534, 55.0850804 ], [ -8.3560904, 55.0857172 ], [ -8.3584473, 55.090585 ], [ -8.3561076, 55.0911137 ], [ -8.3561191, 55.0922073 ], [ -8.3615348, 55.0960828 ], [ -8.3636154, 55.0949722 ], [ -8.3696157, 55.0959218 ], [ -8.3700953, 55.0939046 ], [ -8.3721327, 55.0960846 ], [ -8.3747683, 55.0955458 ], [ -8.3735184, 55.0940825 ], [ -8.377587, 55.0942957 ], [ -8.3778906, 55.0922239 ], [ -8.3802915, 55.0929901 ], [ -8.3800793, 55.0909134 ], [ -8.3697547, 55.0891254 ], [ -8.3724959, 55.0890503 ], [ -8.3724608, 55.0873215 ], [ -8.3807947, 55.0871774 ] ] ], [ [ [ -8.3730251, 54.8374603 ], [ -8.3729365, 54.8370803 ], [ -8.3726308, 54.8372209 ], [ -8.3730251, 54.8374603 ] ] ], [ [ [ -8.3714759, 55.0798034 ], [ -8.3705113, 55.0783111 ], [ -8.3683487, 55.0787335 ], [ -8.3695546, 55.0806125 ], [ -8.3714759, 55.0798034 ] ] ], [ [ [ -8.3703957, 55.103126 ], [ -8.3695313, 55.1013817 ], [ -8.3623729, 55.1008763 ], [ -8.36454, 55.10237 ], [ -8.3658217, 55.1045907 ], [ -8.3703957, 55.103126 ] ] ], [ [ [ -8.3651874, 55.0793313 ], [ -8.3634349, 55.0771353 ], [ -8.3612301, 55.0787412 ], [ -8.3628606, 55.0798723 ], [ -8.3651874, 55.0793313 ] ] ], [ [ [ -8.3627781, 55.1033856 ], [ -8.3643487, 55.1026931 ], [ -8.3625987, 55.1018281 ], [ -8.3627781, 55.1033856 ] ] ], [ [ [ -8.3581263, 54.839073 ], [ -8.358308, 54.8383144 ], [ -8.357428, 54.8379244 ], [ -8.3581263, 54.839073 ] ] ], [ [ [ -8.3503198, 55.1229175 ], [ -8.3433005, 55.1212154 ], [ -8.3417708, 55.1188476 ], [ -8.3407867, 55.1201748 ], [ -8.3384113, 55.1196481 ], [ -8.3391889, 55.1183685 ], [ -8.335912, 55.1166829 ], [ -8.3362339, 55.114661 ], [ -8.3276157, 55.1143711 ], [ -8.3278925, 55.1162859 ], [ -8.3327883, 55.1172351 ], [ -8.332371, 55.1186767 ], [ -8.3370304, 55.1223422 ], [ -8.34409, 55.12377 ], [ -8.3503198, 55.1229175 ] ] ], [ [ [ -8.3449084, 55.0741642 ], [ -8.3440284, 55.0731342 ], [ -8.3409349, 55.0725761 ], [ -8.3414988, 55.0741296 ], [ -8.3449084, 55.0741642 ] ] ], [ [ [ -8.3448811, 55.1046168 ], [ -8.3426142, 55.1021381 ], [ -8.3438259, 55.1015242 ], [ -8.3372712, 55.0995545 ], [ -8.3354246, 55.1004089 ], [ -8.3355684, 55.1023186 ], [ -8.330664, 55.1046017 ], [ -8.331679, 55.1080393 ], [ -8.340353, 55.1090316 ], [ -8.341824, 55.1081181 ], [ -8.3410524, 55.1059938 ], [ -8.3448811, 55.1046168 ] ] ], [ [ [ -8.3418591, 55.0768431 ], [ -8.33798, 55.07482 ], [ -8.33956, 55.07329 ], [ -8.3371503, 55.0718949 ], [ -8.3321979, 55.0729781 ], [ -8.3331635, 55.0763334 ], [ -8.3418591, 55.0768431 ] ] ], [ [ [ -8.3386764, 55.0799313 ], [ -8.3372173, 55.0788473 ], [ -8.335, 55.07942 ], [ -8.3378627, 55.0807776 ], [ -8.3386764, 55.0799313 ] ] ], [ [ [ -8.3125405, 55.0572256 ], [ -8.3126212, 55.0563391 ], [ -8.3120942, 55.0564775 ], [ -8.3125405, 55.0572256 ] ] ], [ [ [ -8.2535138, 55.2732249 ], [ -8.2510217, 55.2699695 ], [ -8.2534225, 55.2675864 ], [ -8.2476779, 55.2644173 ], [ -8.2367097, 55.2632105 ], [ -8.2328104, 55.2613341 ], [ -8.229613, 55.262102 ], [ -8.2281055, 55.2642406 ], [ -8.2270066, 55.2629732 ], [ -8.2257799, 55.2629868 ], [ -8.2268209, 55.26454 ], [ -8.2251435, 55.2645222 ], [ -8.2178893, 55.2594465 ], [ -8.2189077, 55.2584307 ], [ -8.2170378, 55.2555992 ], [ -8.2137149, 55.2562021 ], [ -8.2152378, 55.2548359 ], [ -8.2114663, 55.25308 ], [ -8.1941425, 55.2540688 ], [ -8.1954133, 55.2557178 ], [ -8.1917474, 55.2575537 ], [ -8.1935279, 55.2590582 ], [ -8.1909296, 55.2602867 ], [ -8.1902606, 55.2640465 ], [ -8.1914199, 55.2640239 ], [ -8.1918963, 55.2610027 ], [ -8.1939408, 55.263878 ], [ -8.195501, 55.2615038 ], [ -8.19431, 55.2610559 ], [ -8.1967675, 55.260255 ], [ -8.1948222, 55.2595311 ], [ -8.1950402, 55.2575377 ], [ -8.1969637, 55.2575603 ], [ -8.2012692, 55.2612061 ], [ -8.2072321, 55.2595569 ], [ -8.2062674, 55.2618916 ], [ -8.21096, 55.2625895 ], [ -8.209934, 55.2640662 ], [ -8.2128394, 55.2651827 ], [ -8.2146765, 55.2635151 ], [ -8.2174119, 55.2648814 ], [ -8.2182644, 55.2682771 ], [ -8.2224617, 55.2675212 ], [ -8.2197323, 55.2695862 ], [ -8.2230453, 55.2686679 ], [ -8.2215963, 55.2702003 ], [ -8.2235456, 55.2712825 ], [ -8.2254889, 55.2681568 ], [ -8.2263008, 55.2694517 ], [ -8.2287086, 55.2678593 ], [ -8.2276625, 55.2696213 ], [ -8.2308944, 55.2710025 ], [ -8.2383364, 55.2703005 ], [ -8.2360138, 55.2744497 ], [ -8.2405078, 55.2729458 ], [ -8.2387393, 55.2748595 ], [ -8.2461734, 55.2739265 ], [ -8.2484012, 55.2742248 ], [ -8.2471267, 55.2754913 ], [ -8.2493613, 55.2750052 ], [ -8.2479002, 55.276054 ], [ -8.2485513, 55.2760178 ], [ -8.2535138, 55.2732249 ] ] ], [ [ [ -8.2004085, 54.5013096 ], [ -8.201458, 54.500673 ], [ -8.1998787, 54.500956 ], [ -8.2004085, 54.5013096 ] ] ], [ [ [ -8.1821194, 55.1799253 ], [ -8.1891704, 55.1763888 ], [ -8.1844583, 55.1776408 ], [ -8.1767668, 55.176704 ], [ -8.1758816, 55.1756315 ], [ -8.1783385, 55.1729025 ], [ -8.1785751, 55.1697656 ], [ -8.1729, 55.16819 ], [ -8.1644316, 55.1695885 ], [ -8.1621147, 55.1754594 ], [ -8.1671977, 55.1795158 ], [ -8.17137, 55.17727 ], [ -8.1772496, 55.1787022 ], [ -8.1779207, 55.1804083 ], [ -8.1763151, 55.1816118 ], [ -8.1788889, 55.1847417 ], [ -8.184764, 55.184157 ], [ -8.1862757, 55.1824278 ], [ -8.1827932, 55.1818188 ], [ -8.1841981, 55.1810966 ], [ -8.1821194, 55.1799253 ] ] ], [ [ [ -8.1686355, 55.1924781 ], [ -8.164199, 55.1900253 ], [ -8.1632334, 55.1869526 ], [ -8.1603903, 55.1878376 ], [ -8.1625092, 55.1892566 ], [ -8.159988, 55.1928211 ], [ -8.1626004, 55.1938366 ], [ -8.161152, 55.1945072 ], [ -8.1615115, 55.196133 ], [ -8.1674661, 55.1955949 ], [ -8.1686355, 55.1924781 ] ] ], [ [ [ -8.1652823, 55.2037365 ], [ -8.1644973, 55.2018695 ], [ -8.1614612, 55.2022265 ], [ -8.1594663, 55.2049618 ], [ -8.1607072, 55.2053313 ], [ -8.1601327, 55.2069166 ], [ -8.1652823, 55.2037365 ] ] ], [ [ [ -8.1459056, 54.6227291 ], [ -8.1368879, 54.6227891 ], [ -8.1354675, 54.6236527 ], [ -8.1407979, 54.6258891 ], [ -8.1459056, 54.6227291 ] ] ], [ [ [ -8.1427877, 54.6370563 ], [ -8.1395154, 54.6359435 ], [ -8.1385854, 54.6381135 ], [ -8.1330846, 54.6403819 ], [ -8.1427877, 54.6370563 ] ] ], [ [ [ -8.14254, 54.6179012 ], [ -8.1403645, 54.6164282 ], [ -8.1359268, 54.6187532 ], [ -8.1400791, 54.6188382 ], [ -8.14254, 54.6179012 ] ] ], [ [ [ -8.1391545, 54.6084038 ], [ -8.139133, 54.6076333 ], [ -8.1383177, 54.6074655 ], [ -8.1391545, 54.6084038 ] ] ], [ [ [ -8.1242408, 54.6174739 ], [ -8.1220308, 54.6175839 ], [ -8.1189008, 54.6194839 ], [ -8.1229008, 54.6186139 ], [ -8.1242408, 54.6174739 ] ] ], [ [ [ -7.9261189, 55.1841969 ], [ -7.9266481, 55.1834277 ], [ -7.9257129, 55.1837469 ], [ -7.9261189, 55.1841969 ] ] ], [ [ [ -7.8952455, 55.1886844 ], [ -7.8960501, 55.1880933 ], [ -7.8946554, 55.1881515 ], [ -7.8952455, 55.1886844 ] ] ], [ [ [ -7.8906137, 55.1411129 ], [ -7.8889175, 55.1409439 ], [ -7.8882157, 55.1412336 ], [ -7.8890475, 55.1416571 ], [ -7.8906137, 55.1411129 ] ] ], [ [ [ -7.8869173, 55.141474 ], [ -7.8857735, 55.1403299 ], [ -7.8843568, 55.1419643 ], [ -7.8854941, 55.1424323 ], [ -7.8869173, 55.141474 ] ] ], [ [ [ -7.879016, 55.1754491 ], [ -7.8760337, 55.1725985 ], [ -7.871993, 55.1733041 ], [ -7.8743, 55.17387 ], [ -7.87245, 55.17616 ], [ -7.879016, 55.1754491 ] ] ], [ [ [ -7.8705752, 55.174288 ], [ -7.8711559, 55.1735387 ], [ -7.8697302, 55.1737885 ], [ -7.8705752, 55.174288 ] ] ], [ [ [ -7.8640974, 55.1384244 ], [ -7.8640802, 55.1378445 ], [ -7.8633385, 55.1381564 ], [ -7.8640974, 55.1384244 ] ] ], [ [ [ -7.7997512, 55.1896302 ], [ -7.7960658, 55.186848 ], [ -7.7877912, 55.1879673 ], [ -7.7839127, 55.1902488 ], [ -7.783336, 55.1923387 ], [ -7.7891752, 55.1954589 ], [ -7.7877134, 55.1931594 ], [ -7.7894595, 55.1912057 ], [ -7.7862784, 55.1920387 ], [ -7.7862945, 55.1900941 ], [ -7.7924169, 55.1898368 ], [ -7.7947879, 55.1917081 ], [ -7.7997512, 55.1896302 ] ] ], [ [ [ -7.799469, 55.1971475 ], [ -7.79728, 55.1956547 ], [ -7.7952107, 55.1966983 ], [ -7.7972187, 55.1981044 ], [ -7.799469, 55.1971475 ] ] ], [ [ [ -7.7926478, 55.198376 ], [ -7.790489, 55.1981721 ], [ -7.7900577, 55.1984459 ], [ -7.7911601, 55.1993401 ], [ -7.7926478, 55.198376 ] ] ], [ [ [ -7.7631328, 55.2464004 ], [ -7.7590575, 55.2450105 ], [ -7.7581879, 55.2490213 ], [ -7.7602878, 55.2487248 ], [ -7.7631328, 55.2464004 ] ] ], [ [ [ -7.719325, 55.1954683 ], [ -7.7189195, 55.194874 ], [ -7.7185257, 55.1954359 ], [ -7.719325, 55.1954683 ] ] ], [ [ [ -7.7151918, 55.2119767 ], [ -7.7149344, 55.2112468 ], [ -7.7145334, 55.211764 ], [ -7.7151918, 55.2119767 ] ] ], [ [ [ -7.7109325, 55.207071 ], [ -7.7111605, 55.2063716 ], [ -7.7105731, 55.2069241 ], [ -7.7109325, 55.207071 ] ] ], [ [ [ -7.7101158, 55.2142013 ], [ -7.7075365, 55.2113528 ], [ -7.7047972, 55.2121552 ], [ -7.7083137, 55.2145845 ], [ -7.7101158, 55.2142013 ] ] ], [ [ [ -7.7071478, 55.2224655 ], [ -7.7078903, 55.2219765 ], [ -7.7056828, 55.2221552 ], [ -7.7071478, 55.2224655 ] ] ], [ [ [ -7.7045004, 55.1101143 ], [ -7.7029472, 55.1102773 ], [ -7.7020675, 55.1115605 ], [ -7.7035484, 55.1116824 ], [ -7.7045004, 55.1101143 ] ] ], [ [ [ -7.7041792, 55.2229337 ], [ -7.7036137, 55.2225304 ], [ -7.7033504, 55.2227596 ], [ -7.7041792, 55.2229337 ] ] ], [ [ [ -7.7017148, 55.1194599 ], [ -7.7017524, 55.1182941 ], [ -7.6992365, 55.1197237 ], [ -7.7017148, 55.1194599 ] ] ], [ [ [ -7.698513, 55.1092798 ], [ -7.6981455, 55.1085816 ], [ -7.6976938, 55.1084378 ], [ -7.698513, 55.1092798 ] ] ], [ [ [ -7.6978553, 55.1256925 ], [ -7.6982421, 55.1254632 ], [ -7.6976297, 55.1250291 ], [ -7.6978553, 55.1256925 ] ] ], [ [ [ -7.6969474, 55.1200207 ], [ -7.6968723, 55.1185451 ], [ -7.6961207, 55.1195378 ], [ -7.6969474, 55.1200207 ] ] ], [ [ [ -7.6932634, 55.1368303 ], [ -7.6943122, 55.1356376 ], [ -7.6928584, 55.136368 ], [ -7.6932634, 55.1368303 ] ] ], [ [ [ -7.6942978, 55.1348107 ], [ -7.6933967, 55.1340006 ], [ -7.6927513, 55.1353314 ], [ -7.6931646, 55.1353772 ], [ -7.6942978, 55.1348107 ] ] ], [ [ [ -7.6927179, 55.1217453 ], [ -7.6902232, 55.1218243 ], [ -7.6897308, 55.1220511 ], [ -7.6918584, 55.12248 ], [ -7.6927179, 55.1217453 ] ] ], [ [ [ -7.69098, 55.1194317 ], [ -7.6914545, 55.1193964 ], [ -7.6909188, 55.1190792 ], [ -7.69098, 55.1194317 ] ] ], [ [ [ -7.6890609, 55.1215386 ], [ -7.6877903, 55.1208943 ], [ -7.6859635, 55.1232639 ], [ -7.6864739, 55.1233005 ], [ -7.6890609, 55.1215386 ] ] ], [ [ [ -7.6823755, 55.1288059 ], [ -7.682173, 55.1283217 ], [ -7.6819184, 55.1287493 ], [ -7.6823755, 55.1288059 ] ] ], [ [ [ -7.6806489, 55.129799 ], [ -7.6808099, 55.1287165 ], [ -7.6804461, 55.1297787 ], [ -7.6806489, 55.129799 ] ] ], [ [ [ -7.6808437, 55.1279252 ], [ -7.681187, 55.127508 ], [ -7.6807793, 55.1279068 ], [ -7.6808437, 55.1279252 ] ] ], [ [ [ -7.6212041, 55.0491361 ], [ -7.6215499, 55.0484111 ], [ -7.62087, 55.04832 ], [ -7.6212041, 55.0491361 ] ] ], [ [ [ -7.6194824, 55.0488692 ], [ -7.6190524, 55.0482192 ], [ -7.6187425, 55.048888 ], [ -7.6194824, 55.0488692 ] ] ], [ [ [ -7.6065899, 55.2179979 ], [ -7.6060149, 55.2169461 ], [ -7.6050849, 55.2179661 ], [ -7.6065899, 55.2179979 ] ] ], [ [ [ -7.6017263, 55.0491717 ], [ -7.6000977, 55.0480512 ], [ -7.5957047, 55.0505284 ], [ -7.5933712, 55.0555006 ], [ -7.5961076, 55.056168 ], [ -7.5984604, 55.0545646 ], [ -7.6017263, 55.0491717 ] ] ], [ [ [ -7.3990667, 55.3200252 ], [ -7.4002093, 55.3186699 ], [ -7.3968566, 55.318209 ], [ -7.3990667, 55.3200252 ] ] ], [ [ [ -7.3988409, 55.3781258 ], [ -7.3971745, 55.3778279 ], [ -7.3951421, 55.3781262 ], [ -7.3964627, 55.3786502 ], [ -7.3988409, 55.3781258 ] ] ], [ [ [ -7.3952796, 55.3785897 ], [ -7.3937324, 55.3781057 ], [ -7.3929339, 55.3783965 ], [ -7.3938393, 55.378848 ], [ -7.3952796, 55.3785897 ] ] ], [ [ [ -7.3713455, 55.3841417 ], [ -7.374975, 55.3829607 ], [ -7.3692317, 55.3826089 ], [ -7.3680319, 55.3828912 ], [ -7.3713455, 55.3841417 ] ] ], [ [ [ -7.2563574, 55.4450856 ], [ -7.256452, 55.4449067 ], [ -7.2560353, 55.4451725 ], [ -7.2563574, 55.4450856 ] ] ], [ [ [ -7.2556479, 55.445446 ], [ -7.2556643, 55.4451532 ], [ -7.2551014, 55.445446 ], [ -7.2556479, 55.445446 ] ] ], [ [ [ -7.2541594, 55.4456703 ], [ -7.2537805, 55.4454896 ], [ -7.2533438, 55.4456298 ], [ -7.2541594, 55.4456703 ] ] ], [ [ [ -7.2533097, 55.4464076 ], [ -7.2532283, 55.4458476 ], [ -7.2521119, 55.4464846 ], [ -7.2533097, 55.4464076 ] ] ], [ [ [ -7.2519463, 55.4468414 ], [ -7.2519708, 55.4465269 ], [ -7.2518471, 55.4466812 ], [ -7.2519463, 55.4468414 ] ] ], [ [ [ -7.2505996, 55.4468126 ], [ -7.2511048, 55.4460454 ], [ -7.2498201, 55.4466357 ], [ -7.2505996, 55.4468126 ] ] ], [ [ [ -7.2514693, 55.4470683 ], [ -7.2514678, 55.446787 ], [ -7.2510472, 55.4471015 ], [ -7.2514693, 55.4470683 ] ] ], [ [ [ -7.2511459, 55.4474088 ], [ -7.2510235, 55.4472289 ], [ -7.2509802, 55.447351 ], [ -7.2511459, 55.4474088 ] ] ], [ [ [ -7.2468455, 55.4313389 ], [ -7.2451025, 55.4304912 ], [ -7.2457201, 55.4294305 ], [ -7.239071, 55.4308861 ], [ -7.2416933, 55.4288169 ], [ -7.2324321, 55.4313498 ], [ -7.2292001, 55.4302702 ], [ -7.2207642, 55.4331651 ], [ -7.2263664, 55.433834 ], [ -7.235465, 55.4320764 ], [ -7.2327788, 55.43495 ], [ -7.2372205, 55.4352632 ], [ -7.2468455, 55.4313389 ] ] ], [ [ [ -7.2450703, 55.4493294 ], [ -7.2435522, 55.4492016 ], [ -7.2433055, 55.4500261 ], [ -7.2441852, 55.4498801 ], [ -7.2450703, 55.4493294 ] ] ], [ [ [ -7.2446305, 55.4491529 ], [ -7.2443622, 55.4489065 ], [ -7.2437722, 55.4491043 ], [ -7.2446305, 55.4491529 ] ] ], [ [ [ -7.2435361, 55.450881 ], [ -7.2432894, 55.4508049 ], [ -7.2431231, 55.4509935 ], [ -7.2435361, 55.450881 ] ] ], [ [ [ -7.2432907, 55.4492745 ], [ -7.2412202, 55.4495313 ], [ -7.2405578, 55.4500852 ], [ -7.2428008, 55.4502372 ], [ -7.2432907, 55.4492745 ] ] ], [ [ [ -6.9964377, 55.1988238 ], [ -6.9964672, 55.1987197 ], [ -6.9962124, 55.1987778 ], [ -6.9964377, 55.1988238 ] ] ], [ [ [ -6.9327271, 55.2418609 ], [ -6.9325254, 55.2418286 ], [ -6.9324803, 55.2419128 ], [ -6.9327271, 55.2418609 ] ] ] ] } }
]
}
